"Address","Content Type","Size (bytes)","IMG Inlinks","Indexability","Indexability Status","Dimensions"
"https://www.powerworksgarage.com/Icons/general-service.png","image/png","33609","31","Indexable","",""
"https://www.powerworksgarage.com/logos/lamborghini.png","image/png","24991","33","Indexable","",""
"https://images.unsplash.com/photo-1619642751034-765dfdf7c58e?auto=format&fit=crop&q=80&w=800","image/jpeg","68152","2","Indexable","",""
"https://www.powerworksgarage.com/glenn.jpg","image/jpeg","702502","16","Indexable","",""
"https://www.powerworksgarage.com/Icons/oil-and-fluids.png","image/png","23763","29","Indexable","",""
"https://www.powerworksgarage.com/pwg_slide4.jpg","image/jpeg","71289","1","Indexable","",""
"https://www.powerworksgarage.com/inspect2.jpg","image/jpeg","272458","1","Indexable","",""
"https://www.powerworksgarage.com/logos/jaguar.png","image/png","509417","33","Indexable","",""
"https://www.powerworksgarage.com/logos/chevrolet.png","image/png","480425","33","Indexable","",""
"https://www.powerworksgarage.com/logos/infiniti.png","image/png","18952","33","Indexable","",""
"https://www.powerworksgarage.com/logos/rangerover.png","image/png","483554","33","Indexable","",""
"https://www.powerworksgarage.com/team-gp.jpg","image/jpeg","12922","2","Indexable","",""
"https://www.powerworksgarage.com/logo_dark.png","image/png","6313","444","Indexable","",""
"https://www.powerworksgarage.com/logos/mercedes.png","image/png","507908","39","Indexable","",""
"https://www.powerworksgarage.com/Icons/transmission.png","image/png","21284","3","Indexable","",""
"https://www.powerworksgarage.com/Icons/inspection.png","image/png","13065","3","Indexable","",""
"https://www.powerworksgarage.com/logos/toyota.png","image/png","540794","33","Indexable","",""
"https://www.powerworksgarage.com/audi.png","image/png","5561","35","Indexable","",""
"https://www.powerworksgarage.com/landrover.png","image/png","5225","37","Indexable","",""
"https://www.powerworksgarage.com/Icons/ac-service.png","image/png","26514","29","Indexable","",""
"https://www.powerworksgarage.com/Icons/battery.png","image/png","22877","3","Indexable","",""
"https://www.powerworksgarage.com/Icons/tyres.png","image/png","22347","2","Indexable","",""
"https://upload.wikimedia.org/wikipedia/en/a/ae/Flag_of_the_United_Kingdom.svg","image/svg+xml","309","17","Indexable","",""
"https://www.powerworksgarage.com/Icons/electrical.png","image/png","17430","30","Indexable","",""
"https://www.powerworksgarage.com/logos/gmc.png","image/png","15026","33","Indexable","",""
"https://www.powerworksgarage.com/pwg_slide1.jpg","image/jpeg","94852","1","Indexable","",""
"https://www.powerworksgarage.com/Icons/engine.png","image/png","27365","3","Indexable","",""
"https://images.unsplash.com/photo-1487754180451-c456f719a1fc?auto=format&fit=crop&q=80&w=800","image/jpeg","65718","2","Indexable","",""
"https://www.powerworksgarage.com/logos/ford.png","image/png","502401","33","Indexable","",""
"https://www.powerworksgarage.com/logos/ferrari.png","image/png","40412","33","Indexable","",""
"https://images.unsplash.com/photo-1555215695-3004980ad54e?auto=format&fit=crop&q=80&w=800","image/jpeg","79143","2","Indexable","",""
"https://www.powerworksgarage.com/Icons/suspension.png","image/png","13468","28","Indexable","",""
"https://www.powerworksgarage.com/logos/lexus.png","image/png","21336","34","Indexable","",""
"https://www.powerworksgarage.com/logos/mazda.png","image/png","36195","33","Indexable","",""
"https://www.powerworksgarage.com/logos/astonmartin.png","image/png","486640","33","Indexable","",""
"https://www.powerworksgarage.com/bentley.png","image/png","6414","33","Indexable","",""
"https://images.unsplash.com/photo-1492144534655-ae79c964c9d7?auto=format&fit=crop&q=80&w=800","image/jpeg","34100","2","Indexable","",""
"https://www.powerworksgarage.com/pwg_slide3.jpg","image/jpeg","108843","1","Indexable","",""
"https://www.powerworksgarage.com/logos/jeep.png","image/png","7774","33","Indexable","",""
"https://www.powerworksgarage.com/Icons/brakes.png","image/png","21331","28","Indexable","",""
"https://www.powerworksgarage.com/logos/maserati.png","image/png","10879","33","Indexable","",""
"https://www.powerworksgarage.com/logos/mini.png","image/png","7159","33","Indexable","",""
"https://www.powerworksgarage.com/signature-gp.png","image/png","7047","408","Indexable","",""
"https://www.powerworksgarage.com/logos/bmw.png","image/png","529666","40","Indexable","",""
"https://www.powerworksgarage.com/logos/rollsroyce.png","image/png","571034","33","Indexable","",""
"https://www.powerworksgarage.com/its-glenn.jpg","image/jpeg","40722","2","Indexable","",""
"https://www.powerworksgarage.com/porsche.png","image/png","4826","35","Indexable","",""
"https://www.powerworksgarage.com/vw.png","image/png","7495","33","Indexable","",""
"https://www.powerworksgarage.com/logos/nissan.png","image/png","524834","33","Indexable","",""
"https://www.powerworksgarage.com/logos/honda.png","image/png","45947","34","Indexable","",""
"https://www.powerworksgarage.com/logos/dodge.png","image/png","17741","33","Indexable","",""
"https://www.powerworksgarage.com/pwg_slide2.jpg","image/jpeg","58468","1","Indexable","",""
"https://images.unsplash.com/photo-1558618666-fcd25c85cd64?auto=format&fit=crop&q=80&w=800","image/jpeg","53686","2","Indexable","",""
"https://images.unsplash.com/photo-1530046339160-ce3e530c7d2f?auto=format&fit=crop&q=80&w=800","image/jpeg","105425","2","Indexable","",""
"https://www.powerworksgarage.com/header-parts.jpg","image/jpeg","36516","30","Indexable","",""
"https://www.google.com/favicon.ico","image/x-icon","1494","17","Indexable","",""
"https://www.powerworksgarage.com/header-gp.jpg","image/jpeg","57245","15","Indexable","",""
"https://www.powerworksgarage.com/vehicles/infiniti.png","image/png","34032","16","Indexable","",""
"https://www.powerworksgarage.com/glenn-power.png","image/png","47435","442","Indexable","",""
"https://www.powerworksgarage.com/review-porsche-911.jpg","image/jpeg","18705","1","Indexable","",""
"https://www.powerworksgarage.com/vehicles/range-rover.jpg","image/jpeg","24015","16","Indexable","",""
"https://www.powerworksgarage.com/review-raptor.jpg","image/jpeg","26556","1","Indexable","",""
"https://www.powerworksgarage.com/review-rr.jpg","image/jpeg","26870","2","Indexable","",""
"https://www.powerworksgarage.com/review-bmw.jpg","image/jpeg","26066","1","Indexable","",""
"https://www.powerworksgarage.com/vehicles/gmc.png","image/png","34792","16","Indexable","",""
"https://www.powerworksgarage.com/vehicles/jaguar.jpg","image/jpeg","20084","16","Indexable","",""
"https://www.powerworksgarage.com/header-tools.jpg","image/jpeg","112757","20","Indexable","",""
"https://www.powerworksgarage.com/vehicles/chevrolet.png","image/png","34471","16","Indexable","",""
"https://www.powerworksgarage.com/rose.jpg","image/jpeg","28609","1","Indexable","",""
"https://www.powerworksgarage.com/vehicles/rolls-royce.jpg","image/jpeg","20568","16","Indexable","",""
"https://www.powerworksgarage.com/vehicles/toyota.png","image/png","28613","16","Indexable","",""
"https://www.powerworksgarage.com/Icons/timing.png","image/png","18524","1","Indexable","",""
"https://www.powerworksgarage.com/Icons/inspect.png","image/png","13151","2","Indexable","",""
"https://www.powerworksgarage.com/retail.png","image/png","44303","1","Indexable","",""
"https://www.powerworksgarage.com/Icons/fleet-services.png","image/png","11736","1","Indexable","",""
"https://www.powerworksgarage.com/Icons/recovery.png","image/png","17712","1","Indexable","",""
"https://www.powerworksgarage.com/header-services.jpg","image/jpeg","93346","1","Indexable","",""
"https://www.powerworksgarage.com/fleet.png","image/png","59242","2","Indexable","",""
"https://www.powerworksgarage.com/vehicles/ford.png","image/png","42639","16","Indexable","",""
"https://www.powerworksgarage.com/vehicles/mercedes.jpg","image/jpeg","22409","16","Indexable","",""
"https://www.powerworksgarage.com/vehicles/ferrari.png","image/png","28128","16","Indexable","",""
"https://www.powerworksgarage.com/vehicles/maserati.png","image/png","32234","16","Indexable","",""
"https://www.powerworksgarage.com/vehicles/volkswagen.jpg","image/jpeg","22020","16","Indexable","",""
"https://www.powerworksgarage.com/vehicles/porsche.jpg","image/jpeg","21299","16","Indexable","",""
"https://www.powerworksgarage.com/vehicles/bentley.jpg","image/jpeg","23569","16","Indexable","",""
"https://www.powerworksgarage.com/vehicles/dodge.png","image/png","30410","16","Indexable","",""
"https://www.powerworksgarage.com/vehicles/lamborghini.png","image/png","33111","16","Indexable","",""
"https://www.powerworksgarage.com/vehicles/aston-martin.jpg","image/jpeg","20384","16","Indexable","",""
"https://www.powerworksgarage.com/vehicles/mini.png","image/png","34038","16","Indexable","",""
"https://www.powerworksgarage.com/vehicles/nissan.png","image/png","33057","16","Indexable","",""
"https://www.powerworksgarage.com/vehicles/mazda.png","image/png","36647","16","Indexable","",""
"https://www.powerworksgarage.com/vehicles/jeep-wrangler.png","image/png","47235","16","Indexable","",""
"https://www.powerworksgarage.com/vehicles/land-rover.jpg","image/jpeg","22593","16","Indexable","",""
"https://www.powerworksgarage.com/header-fleet.jpg","image/jpeg","72512","10","Indexable","",""
