"Address","Content Type","Status Code","Status","HTTP Version","Indexability","Indexability Status","Canonical Link Element 1","Meta Robots 1","X-Robots-Tag 1"
"https://www.powerworksgarage.com/","text/html; charset=utf-8","200","OK","1.1","Non-Indexable","Canonicalised","https://powerworksgarage.com/","",""
"https://www.powerworksgarage.com/Icons/general-service.png","image/png","200","OK","1.1","Indexable","","","",""
"https://www.powerworksgarage.com/logos/lamborghini.png","image/png","200","OK","1.1","Indexable","","","",""
"https://www.powerworksgarage.com/glenn.jpg","image/jpeg","200","OK","1.1","Indexable","","","",""
"https://www.powerworksgarage.com/Icons/oil-and-fluids.png","image/png","200","OK","1.1","Indexable","","","",""
"https://www.powerworksgarage.com/pwg_slide4.jpg","image/jpeg","200","OK","1.1","Indexable","","","",""
"https://www.powerworksgarage.com/inspect2.jpg","image/jpeg","200","OK","1.1","Indexable","","","",""
"https://www.powerworksgarage.com/logos/jaguar.png","image/png","200","OK","1.1","Indexable","","","",""
"https://www.powerworksgarage.com/makes","text/html; charset=utf-8","200","OK","1.1","Non-Indexable","Canonicalised","https://powerworksgarage.com/","",""
"https://www.powerworksgarage.com/logos/chevrolet.png","image/png","200","OK","1.1","Indexable","","","",""
"https://www.powerworksgarage.com/car-servicing-dubai/transmission-repair-dubai","text/html; charset=utf-8","200","OK","1.1","Non-Indexable","Canonicalised","https://powerworksgarage.com/","",""
"https://www.powerworksgarage.com/car-servicing-dubai/car-service-dubai","text/html; charset=utf-8","200","OK","1.1","Non-Indexable","Canonicalised","https://powerworksgarage.com/","",""
"https://www.powerworksgarage.com/logos/infiniti.png","image/png","200","OK","1.1","Indexable","","","",""
"https://www.powerworksgarage.com/makes/infiniti","text/html; charset=utf-8","200","OK","1.1","Non-Indexable","Canonicalised","https://powerworksgarage.com/","",""
"https://www.powerworksgarage.com/makes/range-rover","text/html; charset=utf-8","200","OK","1.1","Non-Indexable","Canonicalised","https://powerworksgarage.com/","",""
"https://www.powerworksgarage.com/reviews","text/html; charset=utf-8","200","OK","1.1","Non-Indexable","Canonicalised","https://powerworksgarage.com/","",""
"https://www.powerworksgarage.com/logos/rangerover.png","image/png","200","OK","1.1","Indexable","","","",""
"https://www.powerworksgarage.com/car-servicing-dubai/oil-change-dubai","text/html; charset=utf-8","200","OK","1.1","Non-Indexable","Canonicalised","https://powerworksgarage.com/","",""
"https://www.powerworksgarage.com/ask-glenn/why-dubai-summers-kill-car-batteries","text/html; charset=utf-8","200","OK","1.1","Non-Indexable","Canonicalised","https://powerworksgarage.com/","",""
"https://www.powerworksgarage.com/makes/gmc","text/html; charset=utf-8","200","OK","1.1","Non-Indexable","Canonicalised","https://powerworksgarage.com/","",""
"https://www.powerworksgarage.com/makes/jaguar","text/html; charset=utf-8","200","OK","1.1","Non-Indexable","Canonicalised","https://powerworksgarage.com/","",""
"https://www.powerworksgarage.com/car-servicing-dubai/ac-repair-dubai","text/html; charset=utf-8","200","OK","1.1","Non-Indexable","Canonicalised","https://powerworksgarage.com/","",""
"https://www.powerworksgarage.com/team-gp.jpg","image/jpeg","200","OK","1.1","Indexable","","","",""
"https://www.powerworksgarage.com/logo_dark.png","image/png","200","OK","1.1","Indexable","","","",""
"https://www.powerworksgarage.com/logos/mercedes.png","image/png","200","OK","1.1","Indexable","","","",""
"https://www.powerworksgarage.com/makes/chevrolet","text/html; charset=utf-8","200","OK","1.1","Non-Indexable","Canonicalised","https://powerworksgarage.com/","",""
"https://www.powerworksgarage.com/ask-glenn/warning-signs-cooling-system-failing","text/html; charset=utf-8","200","OK","1.1","Non-Indexable","Canonicalised","https://powerworksgarage.com/","",""
"https://www.powerworksgarage.com/Icons/transmission.png","image/png","200","OK","1.1","Indexable","","","",""
"https://www.powerworksgarage.com/Icons/inspection.png","image/png","200","OK","1.1","Indexable","","","",""
"https://www.powerworksgarage.com/logos/toyota.png","image/png","200","OK","1.1","Indexable","","","",""
"https://www.powerworksgarage.com/car-servicing-dubai/engine-repair-dubai","text/html; charset=utf-8","200","OK","1.1","Non-Indexable","Canonicalised","https://powerworksgarage.com/","",""
"https://www.powerworksgarage.com/audi.png","image/png","200","OK","1.1","Indexable","","","",""
"https://www.powerworksgarage.com/landrover.png","image/png","200","OK","1.1","Indexable","","","",""
"https://www.powerworksgarage.com/contact","text/html; charset=utf-8","200","OK","1.1","Non-Indexable","Canonicalised","https://powerworksgarage.com/","",""
"https://www.powerworksgarage.com/Icons/ac-service.png","image/png","200","OK","1.1","Indexable","","","",""
"https://www.powerworksgarage.com/Icons/battery.png","image/png","200","OK","1.1","Indexable","","","",""
"https://www.powerworksgarage.com/Icons/tyres.png","image/png","200","OK","1.1","Indexable","","","",""
"https://www.powerworksgarage.com/car-servicing-dubai/suspension-repair-dubai","text/html; charset=utf-8","200","OK","1.1","Non-Indexable","Canonicalised","https://powerworksgarage.com/","",""
"https://www.powerworksgarage.com/makes/rolls-royce","text/html; charset=utf-8","200","OK","1.1","Non-Indexable","Canonicalised","https://powerworksgarage.com/","",""
"https://www.powerworksgarage.com/Icons/electrical.png","image/png","200","OK","1.1","Indexable","","","",""
"https://www.powerworksgarage.com/logos/gmc.png","image/png","200","OK","1.1","Indexable","","","",""
"https://www.powerworksgarage.com/makes/toyota","text/html; charset=utf-8","200","OK","1.1","Non-Indexable","Canonicalised","https://powerworksgarage.com/","",""
"https://www.powerworksgarage.com/pwg_slide1.jpg","image/jpeg","200","OK","1.1","Indexable","","","",""
"https://www.powerworksgarage.com/car-servicing-dubai","text/html; charset=utf-8","200","OK","1.1","Non-Indexable","Canonicalised","https://powerworksgarage.com/","",""
"https://www.powerworksgarage.com/makes/ford","text/html; charset=utf-8","200","OK","1.1","Non-Indexable","Canonicalised","https://powerworksgarage.com/","",""
"https://www.powerworksgarage.com/car-servicing-dubai/battery-replacement-dubai","text/html; charset=utf-8","200","OK","1.1","Non-Indexable","Canonicalised","https://powerworksgarage.com/","",""
"https://www.powerworksgarage.com/car-servicing-dubai/tyre-replacement-dubai","text/html; charset=utf-8","200","OK","1.1","Non-Indexable","Canonicalised","https://powerworksgarage.com/","",""
"https://www.powerworksgarage.com/car-servicing-dubai/electrical-diagnostics-dubai","text/html; charset=utf-8","200","OK","1.1","Non-Indexable","Canonicalised","https://powerworksgarage.com/","",""
"https://www.powerworksgarage.com/Icons/engine.png","image/png","200","OK","1.1","Indexable","","","",""
"https://www.powerworksgarage.com/makes/audi","text/html; charset=utf-8","200","OK","1.1","Non-Indexable","Canonicalised","https://powerworksgarage.com/","",""
"https://www.powerworksgarage.com/makes/ferrari","text/html; charset=utf-8","200","OK","1.1","Non-Indexable","Canonicalised","https://powerworksgarage.com/","",""
"https://www.powerworksgarage.com/makes/mercedes","text/html; charset=utf-8","200","OK","1.1","Non-Indexable","Canonicalised","https://powerworksgarage.com/","",""
"https://www.powerworksgarage.com/logos/ford.png","image/png","200","OK","1.1","Indexable","","","",""
"https://www.powerworksgarage.com/logos/ferrari.png","image/png","200","OK","1.1","Indexable","","","",""
"https://www.powerworksgarage.com/Icons/suspension.png","image/png","200","OK","1.1","Indexable","","","",""
"https://www.powerworksgarage.com/ask-glenn/should-you-buy-used-european-car-dubai","text/html; charset=utf-8","200","OK","1.1","Non-Indexable","Canonicalised","https://powerworksgarage.com/","",""
"https://www.powerworksgarage.com/ask-glenn/10000km-service-myth","text/html; charset=utf-8","200","OK","1.1","Non-Indexable","Canonicalised","https://powerworksgarage.com/","",""
"https://www.powerworksgarage.com/logos/lexus.png","image/png","200","OK","1.1","Indexable","","","",""
"https://www.powerworksgarage.com/logos/mazda.png","image/png","200","OK","1.1","Indexable","","","",""
"https://www.powerworksgarage.com/logos/astonmartin.png","image/png","200","OK","1.1","Indexable","","","",""
"https://www.powerworksgarage.com/makes/volkswagen","text/html; charset=utf-8","200","OK","1.1","Non-Indexable","Canonicalised","https://powerworksgarage.com/","",""
"https://www.powerworksgarage.com/bentley.png","image/png","200","OK","1.1","Indexable","","","",""
"https://www.powerworksgarage.com/pwg_slide3.jpg","image/jpeg","200","OK","1.1","Indexable","","","",""
"https://www.powerworksgarage.com/ask-glenn/ac-blowing-warm-not-always-gas","text/html; charset=utf-8","200","OK","1.1","Non-Indexable","Canonicalised","https://powerworksgarage.com/","",""
"https://www.powerworksgarage.com/about","text/html; charset=utf-8","200","OK","1.1","Non-Indexable","Canonicalised","https://powerworksgarage.com/","",""
"https://www.powerworksgarage.com/ask-glenn/truth-about-lifetime-transmission-fluid","text/html; charset=utf-8","200","OK","1.1","Non-Indexable","Canonicalised","https://powerworksgarage.com/","",""
"https://www.powerworksgarage.com/makes/porsche","text/html; charset=utf-8","200","OK","1.1","Non-Indexable","Canonicalised","https://powerworksgarage.com/","",""
"https://www.powerworksgarage.com/makes/lexus","text/html; charset=utf-8","200","OK","1.1","Non-Indexable","Canonicalised","https://powerworksgarage.com/","",""
"https://www.powerworksgarage.com/makes/maserati","text/html; charset=utf-8","200","OK","1.1","Non-Indexable","Canonicalised","https://powerworksgarage.com/","",""
"https://www.powerworksgarage.com/logos/jeep.png","image/png","200","OK","1.1","Indexable","","","",""
"https://www.powerworksgarage.com/Icons/brakes.png","image/png","200","OK","1.1","Indexable","","","",""
"https://www.powerworksgarage.com/makes/bentley","text/html; charset=utf-8","200","OK","1.1","Non-Indexable","Canonicalised","https://powerworksgarage.com/","",""
"https://www.powerworksgarage.com/logos/maserati.png","image/png","200","OK","1.1","Indexable","","","",""
"https://www.powerworksgarage.com/logos/mini.png","image/png","200","OK","1.1","Indexable","","","",""
"https://www.powerworksgarage.com/ask-glenn","text/html; charset=utf-8","200","OK","1.1","Non-Indexable","Canonicalised","https://powerworksgarage.com/","",""
"https://www.powerworksgarage.com/signature-gp.png","image/png","200","OK","1.1","Indexable","","","",""
"https://www.powerworksgarage.com/logos/bmw.png","image/png","200","OK","1.1","Indexable","","","",""
"https://www.powerworksgarage.com/logos/rollsroyce.png","image/png","200","OK","1.1","Indexable","","","",""
"https://www.powerworksgarage.com/its-glenn.jpg","image/jpeg","200","OK","1.1","Indexable","","","",""
"https://www.powerworksgarage.com/porsche.png","image/png","200","OK","1.1","Indexable","","","",""
"https://www.powerworksgarage.com/vw.png","image/png","200","OK","1.1","Indexable","","","",""
"https://www.powerworksgarage.com/logos/nissan.png","image/png","200","OK","1.1","Indexable","","","",""
"https://www.powerworksgarage.com/fleet-service-dubai","text/html; charset=utf-8","200","OK","1.1","Non-Indexable","Canonicalised","https://powerworksgarage.com/","",""
"https://www.powerworksgarage.com/makes/lamborghini","text/html; charset=utf-8","200","OK","1.1","Non-Indexable","Canonicalised","https://powerworksgarage.com/","",""
"https://www.powerworksgarage.com/makes/dodge","text/html; charset=utf-8","200","OK","1.1","Non-Indexable","Canonicalised","https://powerworksgarage.com/","",""
"https://www.powerworksgarage.com/logos/honda.png","image/png","200","OK","1.1","Indexable","","","",""
"https://www.powerworksgarage.com/makes/aston-martin","text/html; charset=utf-8","200","OK","1.1","Non-Indexable","Canonicalised","https://powerworksgarage.com/","",""
"https://www.powerworksgarage.com/makes/honda","text/html; charset=utf-8","200","OK","1.1","Non-Indexable","Canonicalised","https://powerworksgarage.com/","",""
"https://www.powerworksgarage.com/makes/bmw","text/html; charset=utf-8","200","OK","1.1","Non-Indexable","Canonicalised","https://powerworksgarage.com/","",""
"https://www.powerworksgarage.com/logos/dodge.png","image/png","200","OK","1.1","Indexable","","","",""
"https://www.powerworksgarage.com/makes/mini","text/html; charset=utf-8","200","OK","1.1","Non-Indexable","Canonicalised","https://powerworksgarage.com/","",""
"https://www.powerworksgarage.com/makes/nissan","text/html; charset=utf-8","200","OK","1.1","Non-Indexable","Canonicalised","https://powerworksgarage.com/","",""
"https://www.powerworksgarage.com/pwg_slide2.jpg","image/jpeg","200","OK","1.1","Indexable","","","",""
"https://www.powerworksgarage.com/makes/mazda","text/html; charset=utf-8","200","OK","1.1","Non-Indexable","Canonicalised","https://powerworksgarage.com/","",""
"https://www.powerworksgarage.com/car-servicing-dubai/pre-purchase-inspection-dubai","text/html; charset=utf-8","200","OK","1.1","Non-Indexable","Canonicalised","https://powerworksgarage.com/","",""
"https://www.powerworksgarage.com/makes/jeep","text/html; charset=utf-8","200","OK","1.1","Non-Indexable","Canonicalised","https://powerworksgarage.com/","",""
"https://www.powerworksgarage.com/car-servicing-dubai/brake-service-dubai","text/html; charset=utf-8","200","OK","1.1","Non-Indexable","Canonicalised","https://powerworksgarage.com/","",""
"https://www.powerworksgarage.com/makes/land-rover","text/html; charset=utf-8","200","OK","1.1","Non-Indexable","Canonicalised","https://powerworksgarage.com/","",""
"https://www.powerworksgarage.com/car-servicing-dubai/transmission-repair-dubai/lamborghini","text/html; charset=utf-8","200","OK","1.1","Non-Indexable","Canonicalised","https://powerworksgarage.com/","",""
"https://www.powerworksgarage.com/car-servicing-dubai/transmission-repair-dubai/aston-martin","text/html; charset=utf-8","200","OK","1.1","Non-Indexable","Canonicalised","https://powerworksgarage.com/","",""
"https://www.powerworksgarage.com/car-servicing-dubai/transmission-repair-dubai/lexus","text/html; charset=utf-8","200","OK","1.1","Non-Indexable","Canonicalised","https://powerworksgarage.com/","",""
"https://www.powerworksgarage.com/car-servicing-dubai/transmission-repair-dubai/porsche","text/html; charset=utf-8","200","OK","1.1","Non-Indexable","Canonicalised","https://powerworksgarage.com/","",""
"https://www.powerworksgarage.com/car-servicing-dubai/transmission-repair-dubai/jaguar","text/html; charset=utf-8","200","OK","1.1","Non-Indexable","Canonicalised","https://powerworksgarage.com/","",""
"https://www.powerworksgarage.com/car-servicing-dubai/transmission-repair-dubai/chevrolet","text/html; charset=utf-8","200","OK","1.1","Non-Indexable","Canonicalised","https://powerworksgarage.com/","",""
"https://www.powerworksgarage.com/car-servicing-dubai/transmission-repair-dubai/land-rover","text/html; charset=utf-8","200","OK","1.1","Non-Indexable","Canonicalised","https://powerworksgarage.com/","",""
"https://www.powerworksgarage.com/car-servicing-dubai/transmission-repair-dubai/bentley","text/html; charset=utf-8","200","OK","1.1","Non-Indexable","Canonicalised","https://powerworksgarage.com/","",""
"https://www.powerworksgarage.com/car-servicing-dubai/transmission-repair-dubai/volkswagen","text/html; charset=utf-8","200","OK","1.1","Non-Indexable","Canonicalised","https://powerworksgarage.com/","",""
"https://www.powerworksgarage.com/car-servicing-dubai/transmission-repair-dubai/mazda","text/html; charset=utf-8","200","OK","1.1","Non-Indexable","Canonicalised","https://powerworksgarage.com/","",""
"https://www.powerworksgarage.com/car-servicing-dubai/transmission-repair-dubai/rolls-royce","text/html; charset=utf-8","200","OK","1.1","Non-Indexable","Canonicalised","https://powerworksgarage.com/","",""
"https://www.powerworksgarage.com/car-servicing-dubai/transmission-repair-dubai/jeep","text/html; charset=utf-8","200","OK","1.1","Non-Indexable","Canonicalised","https://powerworksgarage.com/","",""
"https://www.powerworksgarage.com/car-servicing-dubai/transmission-repair-dubai/mini","text/html; charset=utf-8","200","OK","1.1","Non-Indexable","Canonicalised","https://powerworksgarage.com/","",""
"https://www.powerworksgarage.com/car-servicing-dubai/transmission-repair-dubai/gmc","text/html; charset=utf-8","200","OK","1.1","Non-Indexable","Canonicalised","https://powerworksgarage.com/","",""
"https://www.powerworksgarage.com/car-servicing-dubai/transmission-repair-dubai/dodge","text/html; charset=utf-8","200","OK","1.1","Non-Indexable","Canonicalised","https://powerworksgarage.com/","",""
"https://www.powerworksgarage.com/car-servicing-dubai/transmission-repair-dubai/range-rover","text/html; charset=utf-8","200","OK","1.1","Non-Indexable","Canonicalised","https://powerworksgarage.com/","",""
"https://www.powerworksgarage.com/car-servicing-dubai/transmission-repair-dubai/bmw","text/html; charset=utf-8","200","OK","1.1","Non-Indexable","Canonicalised","https://powerworksgarage.com/","",""
"https://www.powerworksgarage.com/header-parts.jpg","image/jpeg","200","OK","1.1","Indexable","","","",""
"https://www.powerworksgarage.com/car-servicing-dubai/transmission-repair-dubai/mercedes","text/html; charset=utf-8","200","OK","1.1","Non-Indexable","Canonicalised","https://powerworksgarage.com/","",""
"https://www.powerworksgarage.com/car-servicing-dubai/transmission-repair-dubai/nissan","text/html; charset=utf-8","200","OK","1.1","Non-Indexable","Canonicalised","https://powerworksgarage.com/","",""
"https://www.powerworksgarage.com/car-servicing-dubai/transmission-repair-dubai/toyota","text/html; charset=utf-8","200","OK","1.1","Non-Indexable","Canonicalised","https://powerworksgarage.com/","",""
"https://www.powerworksgarage.com/car-servicing-dubai/transmission-repair-dubai/honda","text/html; charset=utf-8","200","OK","1.1","Non-Indexable","Canonicalised","https://powerworksgarage.com/","",""
"https://www.powerworksgarage.com/car-servicing-dubai/transmission-repair-dubai/ford","text/html; charset=utf-8","200","OK","1.1","Non-Indexable","Canonicalised","https://powerworksgarage.com/","",""
"https://www.powerworksgarage.com/car-servicing-dubai/transmission-repair-dubai/audi","text/html; charset=utf-8","200","OK","1.1","Non-Indexable","Canonicalised","https://powerworksgarage.com/","",""
"https://www.powerworksgarage.com/car-servicing-dubai/transmission-repair-dubai/maserati","text/html; charset=utf-8","200","OK","1.1","Non-Indexable","Canonicalised","https://powerworksgarage.com/","",""
"https://www.powerworksgarage.com/car-servicing-dubai/transmission-repair-dubai/ferrari","text/html; charset=utf-8","200","OK","1.1","Non-Indexable","Canonicalised","https://powerworksgarage.com/","",""
"https://www.powerworksgarage.com/car-servicing-dubai/transmission-repair-dubai/infiniti","text/html; charset=utf-8","200","OK","1.1","Non-Indexable","Canonicalised","https://powerworksgarage.com/","",""
"https://www.powerworksgarage.com/car-servicing-dubai/car-service-dubai/range-rover","text/html; charset=utf-8","200","OK","1.1","Non-Indexable","Canonicalised","https://powerworksgarage.com/","",""
"https://www.powerworksgarage.com/car-servicing-dubai/car-service-dubai/gmc","text/html; charset=utf-8","200","OK","1.1","Non-Indexable","Canonicalised","https://powerworksgarage.com/","",""
"https://www.powerworksgarage.com/car-servicing-dubai/car-service-dubai/nissan","text/html; charset=utf-8","200","OK","1.1","Non-Indexable","Canonicalised","https://powerworksgarage.com/","",""
"https://www.powerworksgarage.com/car-servicing-dubai/car-service-dubai/lexus","text/html; charset=utf-8","200","OK","1.1","Non-Indexable","Canonicalised","https://powerworksgarage.com/","",""
"https://www.powerworksgarage.com/car-servicing-dubai/car-service-dubai/land-rover","text/html; charset=utf-8","200","OK","1.1","Non-Indexable","Canonicalised","https://powerworksgarage.com/","",""
"https://www.powerworksgarage.com/car-servicing-dubai/car-service-dubai/ferrari","text/html; charset=utf-8","200","OK","1.1","Non-Indexable","Canonicalised","https://powerworksgarage.com/","",""
"https://www.powerworksgarage.com/car-servicing-dubai/car-service-dubai/mini","text/html; charset=utf-8","200","OK","1.1","Non-Indexable","Canonicalised","https://powerworksgarage.com/","",""
"https://www.powerworksgarage.com/car-servicing-dubai/car-service-dubai/toyota","text/html; charset=utf-8","200","OK","1.1","Non-Indexable","Canonicalised","https://powerworksgarage.com/","",""
"https://www.powerworksgarage.com/car-servicing-dubai/car-service-dubai/mazda","text/html; charset=utf-8","200","OK","1.1","Non-Indexable","Canonicalised","https://powerworksgarage.com/","",""
"https://www.powerworksgarage.com/car-servicing-dubai/car-service-dubai/aston-martin","text/html; charset=utf-8","200","OK","1.1","Non-Indexable","Canonicalised","https://powerworksgarage.com/","",""
"https://www.powerworksgarage.com/car-servicing-dubai/car-service-dubai/chevrolet","text/html; charset=utf-8","200","OK","1.1","Non-Indexable","Canonicalised","https://powerworksgarage.com/","",""
"https://www.powerworksgarage.com/car-servicing-dubai/car-service-dubai/lamborghini","text/html; charset=utf-8","200","OK","1.1","Non-Indexable","Canonicalised","https://powerworksgarage.com/","",""
"https://www.powerworksgarage.com/car-servicing-dubai/car-service-dubai/bentley","text/html; charset=utf-8","200","OK","1.1","Non-Indexable","Canonicalised","https://powerworksgarage.com/","",""
"https://www.powerworksgarage.com/car-servicing-dubai/car-service-dubai/maserati","text/html; charset=utf-8","200","OK","1.1","Non-Indexable","Canonicalised","https://powerworksgarage.com/","",""
"https://www.powerworksgarage.com/car-servicing-dubai/car-service-dubai/porsche","text/html; charset=utf-8","200","OK","1.1","Non-Indexable","Canonicalised","https://powerworksgarage.com/","",""
"https://www.powerworksgarage.com/car-servicing-dubai/car-service-dubai/rolls-royce","text/html; charset=utf-8","200","OK","1.1","Non-Indexable","Canonicalised","https://powerworksgarage.com/","",""
"https://www.powerworksgarage.com/car-servicing-dubai/car-service-dubai/volkswagen","text/html; charset=utf-8","200","OK","1.1","Non-Indexable","Canonicalised","https://powerworksgarage.com/","",""
"https://www.powerworksgarage.com/car-servicing-dubai/car-service-dubai/dodge","text/html; charset=utf-8","200","OK","1.1","Non-Indexable","Canonicalised","https://powerworksgarage.com/","",""
"https://www.powerworksgarage.com/car-servicing-dubai/car-service-dubai/jaguar","text/html; charset=utf-8","200","OK","1.1","Non-Indexable","Canonicalised","https://powerworksgarage.com/","",""
"https://www.powerworksgarage.com/car-servicing-dubai/car-service-dubai/honda","text/html; charset=utf-8","200","OK","1.1","Non-Indexable","Canonicalised","https://powerworksgarage.com/","",""
"https://www.powerworksgarage.com/car-servicing-dubai/car-service-dubai/jeep","text/html; charset=utf-8","200","OK","1.1","Non-Indexable","Canonicalised","https://powerworksgarage.com/","",""
"https://www.powerworksgarage.com/header-gp.jpg","image/jpeg","200","OK","1.1","Indexable","","","",""
"https://www.powerworksgarage.com/car-servicing-dubai/car-service-dubai/ford","text/html; charset=utf-8","200","OK","1.1","Non-Indexable","Canonicalised","https://powerworksgarage.com/","",""
"https://www.powerworksgarage.com/car-servicing-dubai/car-service-dubai/mercedes","text/html; charset=utf-8","200","OK","1.1","Non-Indexable","Canonicalised","https://powerworksgarage.com/","",""
"https://www.powerworksgarage.com/vehicles/infiniti.png","image/png","200","OK","1.1","Indexable","","","",""
"https://www.powerworksgarage.com/car-servicing-dubai/car-service-dubai/bmw","text/html; charset=utf-8","200","OK","1.1","Non-Indexable","Canonicalised","https://powerworksgarage.com/","",""
"https://www.powerworksgarage.com/glenn-power.png","image/png","200","OK","1.1","Indexable","","","",""
"https://www.powerworksgarage.com/review-porsche-911.jpg","image/jpeg","200","OK","1.1","Indexable","","","",""
"https://www.powerworksgarage.com/vehicles/range-rover.jpg","image/jpeg","200","OK","1.1","Indexable","","","",""
"https://www.powerworksgarage.com/car-servicing-dubai/car-service-dubai/infiniti","text/html; charset=utf-8","200","OK","1.1","Non-Indexable","Canonicalised","https://powerworksgarage.com/","",""
"https://www.powerworksgarage.com/review-raptor.jpg","image/jpeg","200","OK","1.1","Indexable","","","",""
"https://www.powerworksgarage.com/review-rr.jpg","image/jpeg","200","OK","1.1","Indexable","","","",""
"https://www.powerworksgarage.com/review-bmw.jpg","image/jpeg","200","OK","1.1","Indexable","","","",""
"https://www.powerworksgarage.com/car-servicing-dubai/car-service-dubai/audi","text/html; charset=utf-8","200","OK","1.1","Non-Indexable","Canonicalised","https://powerworksgarage.com/","",""
"https://www.powerworksgarage.com/car-servicing-dubai/oil-change-dubai/jeep","text/html; charset=utf-8","200","OK","1.1","Non-Indexable","Canonicalised","https://powerworksgarage.com/","",""
"https://www.powerworksgarage.com/car-servicing-dubai/oil-change-dubai/dodge","text/html; charset=utf-8","200","OK","1.1","Non-Indexable","Canonicalised","https://powerworksgarage.com/","",""
"https://www.powerworksgarage.com/car-servicing-dubai/oil-change-dubai/lexus","text/html; charset=utf-8","200","OK","1.1","Non-Indexable","Canonicalised","https://powerworksgarage.com/","",""
"https://www.powerworksgarage.com/car-servicing-dubai/oil-change-dubai/volkswagen","text/html; charset=utf-8","200","OK","1.1","Non-Indexable","Canonicalised","https://powerworksgarage.com/","",""
"https://www.powerworksgarage.com/car-servicing-dubai/oil-change-dubai/ferrari","text/html; charset=utf-8","200","OK","1.1","Non-Indexable","Canonicalised","https://powerworksgarage.com/","",""
"https://www.powerworksgarage.com/car-servicing-dubai/oil-change-dubai/mercedes","text/html; charset=utf-8","200","OK","1.1","Non-Indexable","Canonicalised","https://powerworksgarage.com/","",""
"https://www.powerworksgarage.com/car-servicing-dubai/oil-change-dubai/nissan","text/html; charset=utf-8","200","OK","1.1","Non-Indexable","Canonicalised","https://powerworksgarage.com/","",""
"https://www.powerworksgarage.com/car-servicing-dubai/oil-change-dubai/chevrolet","text/html; charset=utf-8","200","OK","1.1","Non-Indexable","Canonicalised","https://powerworksgarage.com/","",""
"https://www.powerworksgarage.com/car-servicing-dubai/oil-change-dubai/jaguar","text/html; charset=utf-8","200","OK","1.1","Non-Indexable","Canonicalised","https://powerworksgarage.com/","",""
"https://www.powerworksgarage.com/car-servicing-dubai/oil-change-dubai/rolls-royce","text/html; charset=utf-8","200","OK","1.1","Non-Indexable","Canonicalised","https://powerworksgarage.com/","",""
"https://www.powerworksgarage.com/car-servicing-dubai/oil-change-dubai/ford","text/html; charset=utf-8","200","OK","1.1","Non-Indexable","Canonicalised","https://powerworksgarage.com/","",""
"https://www.powerworksgarage.com/car-servicing-dubai/oil-change-dubai/infiniti","text/html; charset=utf-8","200","OK","1.1","Non-Indexable","Canonicalised","https://powerworksgarage.com/","",""
"https://www.powerworksgarage.com/car-servicing-dubai/oil-change-dubai/bentley","text/html; charset=utf-8","200","OK","1.1","Non-Indexable","Canonicalised","https://powerworksgarage.com/","",""
"https://www.powerworksgarage.com/car-servicing-dubai/oil-change-dubai/aston-martin","text/html; charset=utf-8","200","OK","1.1","Non-Indexable","Canonicalised","https://powerworksgarage.com/","",""
"https://www.powerworksgarage.com/car-servicing-dubai/oil-change-dubai/honda","text/html; charset=utf-8","200","OK","1.1","Non-Indexable","Canonicalised","https://powerworksgarage.com/","",""
"https://www.powerworksgarage.com/car-servicing-dubai/oil-change-dubai/maserati","text/html; charset=utf-8","200","OK","1.1","Non-Indexable","Canonicalised","https://powerworksgarage.com/","",""
"https://www.powerworksgarage.com/car-servicing-dubai/oil-change-dubai/porsche","text/html; charset=utf-8","200","OK","1.1","Non-Indexable","Canonicalised","https://powerworksgarage.com/","",""
"https://www.powerworksgarage.com/car-servicing-dubai/oil-change-dubai/land-rover","text/html; charset=utf-8","200","OK","1.1","Non-Indexable","Canonicalised","https://powerworksgarage.com/","",""
"https://www.powerworksgarage.com/car-servicing-dubai/oil-change-dubai/toyota","text/html; charset=utf-8","200","OK","1.1","Non-Indexable","Canonicalised","https://powerworksgarage.com/","",""
"https://www.powerworksgarage.com/car-servicing-dubai/oil-change-dubai/audi","text/html; charset=utf-8","200","OK","1.1","Non-Indexable","Canonicalised","https://powerworksgarage.com/","",""
"https://www.powerworksgarage.com/car-servicing-dubai/oil-change-dubai/bmw","text/html; charset=utf-8","200","OK","1.1","Non-Indexable","Canonicalised","https://powerworksgarage.com/","",""
"https://www.powerworksgarage.com/car-servicing-dubai/oil-change-dubai/mini","text/html; charset=utf-8","200","OK","1.1","Non-Indexable","Canonicalised","https://powerworksgarage.com/","",""
"https://www.powerworksgarage.com/car-servicing-dubai/oil-change-dubai/range-rover","text/html; charset=utf-8","200","OK","1.1","Non-Indexable","Canonicalised","https://powerworksgarage.com/","",""
"https://www.powerworksgarage.com/car-servicing-dubai/oil-change-dubai/lamborghini","text/html; charset=utf-8","200","OK","1.1","Non-Indexable","Canonicalised","https://powerworksgarage.com/","",""
"https://www.powerworksgarage.com/car-servicing-dubai/oil-change-dubai/gmc","text/html; charset=utf-8","200","OK","1.1","Non-Indexable","Canonicalised","https://powerworksgarage.com/","",""
"https://www.powerworksgarage.com/car-servicing-dubai/oil-change-dubai/mazda","text/html; charset=utf-8","200","OK","1.1","Non-Indexable","Canonicalised","https://powerworksgarage.com/","",""
"https://www.powerworksgarage.com/vehicles/gmc.png","image/png","200","OK","1.1","Indexable","","","",""
"https://www.powerworksgarage.com/vehicles/jaguar.jpg","image/jpeg","200","OK","1.1","Indexable","","","",""
"https://www.powerworksgarage.com/car-servicing-dubai/battery-replacement-dubai/mercedes","text/html; charset=utf-8","200","OK","1.1","Non-Indexable","Canonicalised","https://powerworksgarage.com/","",""
"https://www.powerworksgarage.com/car-servicing-dubai/battery-replacement-dubai/land-rover","text/html; charset=utf-8","200","OK","1.1","Non-Indexable","Canonicalised","https://powerworksgarage.com/","",""
"https://www.powerworksgarage.com/car-servicing-dubai/battery-replacement-dubai/bmw","text/html; charset=utf-8","200","OK","1.1","Non-Indexable","Canonicalised","https://powerworksgarage.com/","",""
"https://www.powerworksgarage.com/car-servicing-dubai/ac-repair-dubai/honda","text/html; charset=utf-8","200","OK","1.1","Non-Indexable","Canonicalised","https://powerworksgarage.com/","",""
"https://www.powerworksgarage.com/car-servicing-dubai/ac-repair-dubai/lexus","text/html; charset=utf-8","200","OK","1.1","Non-Indexable","Canonicalised","https://powerworksgarage.com/","",""
"https://www.powerworksgarage.com/car-servicing-dubai/ac-repair-dubai/jaguar","text/html; charset=utf-8","200","OK","1.1","Non-Indexable","Canonicalised","https://powerworksgarage.com/","",""
"https://www.powerworksgarage.com/car-servicing-dubai/ac-repair-dubai/mini","text/html; charset=utf-8","200","OK","1.1","Non-Indexable","Canonicalised","https://powerworksgarage.com/","",""
"https://www.powerworksgarage.com/car-servicing-dubai/ac-repair-dubai/mercedes","text/html; charset=utf-8","200","OK","1.1","Non-Indexable","Canonicalised","https://powerworksgarage.com/","",""
"https://www.powerworksgarage.com/car-servicing-dubai/ac-repair-dubai/gmc","text/html; charset=utf-8","200","OK","1.1","Non-Indexable","Canonicalised","https://powerworksgarage.com/","",""
"https://www.powerworksgarage.com/car-servicing-dubai/ac-repair-dubai/maserati","text/html; charset=utf-8","200","OK","1.1","Non-Indexable","Canonicalised","https://powerworksgarage.com/","",""
"https://www.powerworksgarage.com/car-servicing-dubai/ac-repair-dubai/audi","text/html; charset=utf-8","200","OK","1.1","Non-Indexable","Canonicalised","https://powerworksgarage.com/","",""
"https://www.powerworksgarage.com/car-servicing-dubai/ac-repair-dubai/infiniti","text/html; charset=utf-8","200","OK","1.1","Non-Indexable","Canonicalised","https://powerworksgarage.com/","",""
"https://www.powerworksgarage.com/car-servicing-dubai/ac-repair-dubai/lamborghini","text/html; charset=utf-8","200","OK","1.1","Non-Indexable","Canonicalised","https://powerworksgarage.com/","",""
"https://www.powerworksgarage.com/car-servicing-dubai/ac-repair-dubai/dodge","text/html; charset=utf-8","200","OK","1.1","Non-Indexable","Canonicalised","https://powerworksgarage.com/","",""
"https://www.powerworksgarage.com/car-servicing-dubai/ac-repair-dubai/ford","text/html; charset=utf-8","200","OK","1.1","Non-Indexable","Canonicalised","https://powerworksgarage.com/","",""
"https://www.powerworksgarage.com/car-servicing-dubai/ac-repair-dubai/mazda","text/html; charset=utf-8","200","OK","1.1","Non-Indexable","Canonicalised","https://powerworksgarage.com/","",""
"https://www.powerworksgarage.com/car-servicing-dubai/ac-repair-dubai/bentley","text/html; charset=utf-8","200","OK","1.1","Non-Indexable","Canonicalised","https://powerworksgarage.com/","",""
"https://www.powerworksgarage.com/car-servicing-dubai/ac-repair-dubai/land-rover","text/html; charset=utf-8","200","OK","1.1","Non-Indexable","Canonicalised","https://powerworksgarage.com/","",""
"https://www.powerworksgarage.com/car-servicing-dubai/ac-repair-dubai/volkswagen","text/html; charset=utf-8","200","OK","1.1","Non-Indexable","Canonicalised","https://powerworksgarage.com/","",""
"https://www.powerworksgarage.com/car-servicing-dubai/ac-repair-dubai/ferrari","text/html; charset=utf-8","200","OK","1.1","Non-Indexable","Canonicalised","https://powerworksgarage.com/","",""
"https://www.powerworksgarage.com/car-servicing-dubai/ac-repair-dubai/porsche","text/html; charset=utf-8","200","OK","1.1","Non-Indexable","Canonicalised","https://powerworksgarage.com/","",""
"https://www.powerworksgarage.com/car-servicing-dubai/ac-repair-dubai/range-rover","text/html; charset=utf-8","200","OK","1.1","Non-Indexable","Canonicalised","https://powerworksgarage.com/","",""
"https://www.powerworksgarage.com/car-servicing-dubai/ac-repair-dubai/bmw","text/html; charset=utf-8","200","OK","1.1","Non-Indexable","Canonicalised","https://powerworksgarage.com/","",""
"https://www.powerworksgarage.com/car-servicing-dubai/ac-repair-dubai/nissan","text/html; charset=utf-8","200","OK","1.1","Non-Indexable","Canonicalised","https://powerworksgarage.com/","",""
"https://www.powerworksgarage.com/header-tools.jpg","image/jpeg","200","OK","1.1","Indexable","","","",""
"https://www.powerworksgarage.com/car-servicing-dubai/ac-repair-dubai/chevrolet","text/html; charset=utf-8","200","OK","1.1","Non-Indexable","Canonicalised","https://powerworksgarage.com/","",""
"https://www.powerworksgarage.com/car-servicing-dubai/ac-repair-dubai/aston-martin","text/html; charset=utf-8","200","OK","1.1","Non-Indexable","Canonicalised","https://powerworksgarage.com/","",""
"https://www.powerworksgarage.com/vehicles/chevrolet.png","image/png","200","OK","1.1","Indexable","","","",""
"https://www.powerworksgarage.com/car-servicing-dubai/ac-repair-dubai/rolls-royce","text/html; charset=utf-8","200","OK","1.1","Non-Indexable","Canonicalised","https://powerworksgarage.com/","",""
"https://www.powerworksgarage.com/car-servicing-dubai/ac-repair-dubai/jeep","text/html; charset=utf-8","200","OK","1.1","Non-Indexable","Canonicalised","https://powerworksgarage.com/","",""
"https://www.powerworksgarage.com/car-servicing-dubai/ac-repair-dubai/toyota","text/html; charset=utf-8","200","OK","1.1","Non-Indexable","Canonicalised","https://powerworksgarage.com/","",""
"https://www.powerworksgarage.com/car-servicing-dubai/engine-repair-dubai/mercedes","text/html; charset=utf-8","200","OK","1.1","Non-Indexable","Canonicalised","https://powerworksgarage.com/","",""
"https://www.powerworksgarage.com/car-servicing-dubai/engine-repair-dubai/bmw","text/html; charset=utf-8","200","OK","1.1","Non-Indexable","Canonicalised","https://powerworksgarage.com/","",""
"https://www.powerworksgarage.com/car-servicing-dubai/engine-repair-dubai/land-rover","text/html; charset=utf-8","200","OK","1.1","Non-Indexable","Canonicalised","https://powerworksgarage.com/","",""
"https://www.powerworksgarage.com/car-servicing-dubai/engine-repair-dubai/maserati","text/html; charset=utf-8","200","OK","1.1","Non-Indexable","Canonicalised","https://powerworksgarage.com/","",""
"https://www.powerworksgarage.com/car-servicing-dubai/engine-repair-dubai/lexus","text/html; charset=utf-8","200","OK","1.1","Non-Indexable","Canonicalised","https://powerworksgarage.com/","",""
"https://www.powerworksgarage.com/car-servicing-dubai/engine-repair-dubai/mini","text/html; charset=utf-8","200","OK","1.1","Non-Indexable","Canonicalised","https://powerworksgarage.com/","",""
"https://www.powerworksgarage.com/car-servicing-dubai/engine-repair-dubai/chevrolet","text/html; charset=utf-8","200","OK","1.1","Non-Indexable","Canonicalised","https://powerworksgarage.com/","",""
"https://www.powerworksgarage.com/car-servicing-dubai/engine-repair-dubai/ferrari","text/html; charset=utf-8","200","OK","1.1","Non-Indexable","Canonicalised","https://powerworksgarage.com/","",""
"https://www.powerworksgarage.com/car-servicing-dubai/engine-repair-dubai/gmc","text/html; charset=utf-8","200","OK","1.1","Non-Indexable","Canonicalised","https://powerworksgarage.com/","",""
"https://www.powerworksgarage.com/car-servicing-dubai/engine-repair-dubai/toyota","text/html; charset=utf-8","200","OK","1.1","Non-Indexable","Canonicalised","https://powerworksgarage.com/","",""
"https://www.powerworksgarage.com/car-servicing-dubai/engine-repair-dubai/aston-martin","text/html; charset=utf-8","200","OK","1.1","Non-Indexable","Canonicalised","https://powerworksgarage.com/","",""
"https://www.powerworksgarage.com/car-servicing-dubai/engine-repair-dubai/volkswagen","text/html; charset=utf-8","200","OK","1.1","Non-Indexable","Canonicalised","https://powerworksgarage.com/","",""
"https://www.powerworksgarage.com/car-servicing-dubai/engine-repair-dubai/range-rover","text/html; charset=utf-8","200","OK","1.1","Non-Indexable","Canonicalised","https://powerworksgarage.com/","",""
"https://www.powerworksgarage.com/car-servicing-dubai/engine-repair-dubai/jeep","text/html; charset=utf-8","200","OK","1.1","Non-Indexable","Canonicalised","https://powerworksgarage.com/","",""
"https://www.powerworksgarage.com/car-servicing-dubai/engine-repair-dubai/bentley","text/html; charset=utf-8","200","OK","1.1","Non-Indexable","Canonicalised","https://powerworksgarage.com/","",""
"https://www.powerworksgarage.com/car-servicing-dubai/engine-repair-dubai/rolls-royce","text/html; charset=utf-8","200","OK","1.1","Non-Indexable","Canonicalised","https://powerworksgarage.com/","",""
"https://www.powerworksgarage.com/car-servicing-dubai/engine-repair-dubai/jaguar","text/html; charset=utf-8","200","OK","1.1","Non-Indexable","Canonicalised","https://powerworksgarage.com/","",""
"https://www.powerworksgarage.com/car-servicing-dubai/engine-repair-dubai/dodge","text/html; charset=utf-8","200","OK","1.1","Non-Indexable","Canonicalised","https://powerworksgarage.com/","",""
"https://www.powerworksgarage.com/car-servicing-dubai/engine-repair-dubai/audi","text/html; charset=utf-8","200","OK","1.1","Non-Indexable","Canonicalised","https://powerworksgarage.com/","",""
"https://www.powerworksgarage.com/car-servicing-dubai/engine-repair-dubai/infiniti","text/html; charset=utf-8","200","OK","1.1","Non-Indexable","Canonicalised","https://powerworksgarage.com/","",""
"https://www.powerworksgarage.com/car-servicing-dubai/engine-repair-dubai/porsche","text/html; charset=utf-8","200","OK","1.1","Non-Indexable","Canonicalised","https://powerworksgarage.com/","",""
"https://www.powerworksgarage.com/car-servicing-dubai/engine-repair-dubai/lamborghini","text/html; charset=utf-8","200","OK","1.1","Non-Indexable","Canonicalised","https://powerworksgarage.com/","",""
"https://www.powerworksgarage.com/car-servicing-dubai/engine-repair-dubai/nissan","text/html; charset=utf-8","200","OK","1.1","Non-Indexable","Canonicalised","https://powerworksgarage.com/","",""
"https://www.powerworksgarage.com/rose.jpg","image/jpeg","200","OK","1.1","Indexable","","","",""
"https://www.powerworksgarage.com/car-servicing-dubai/engine-repair-dubai/ford","text/html; charset=utf-8","200","OK","1.1","Non-Indexable","Canonicalised","https://powerworksgarage.com/","",""
"https://www.powerworksgarage.com/car-servicing-dubai/engine-repair-dubai/mazda","text/html; charset=utf-8","200","OK","1.1","Non-Indexable","Canonicalised","https://powerworksgarage.com/","",""
"https://www.powerworksgarage.com/car-servicing-dubai/engine-repair-dubai/honda","text/html; charset=utf-8","200","OK","1.1","Non-Indexable","Canonicalised","https://powerworksgarage.com/","",""
"https://www.powerworksgarage.com/car-servicing-dubai/suspension-repair-dubai/mercedes","text/html; charset=utf-8","200","OK","1.1","Non-Indexable","Canonicalised","https://powerworksgarage.com/","",""
"https://www.powerworksgarage.com/car-servicing-dubai/suspension-repair-dubai/nissan","text/html; charset=utf-8","200","OK","1.1","Non-Indexable","Canonicalised","https://powerworksgarage.com/","",""
"https://www.powerworksgarage.com/car-servicing-dubai/suspension-repair-dubai/volkswagen","text/html; charset=utf-8","200","OK","1.1","Non-Indexable","Canonicalised","https://powerworksgarage.com/","",""
"https://www.powerworksgarage.com/car-servicing-dubai/suspension-repair-dubai/gmc","text/html; charset=utf-8","200","OK","1.1","Non-Indexable","Canonicalised","https://powerworksgarage.com/","",""
"https://www.powerworksgarage.com/car-servicing-dubai/suspension-repair-dubai/rolls-royce","text/html; charset=utf-8","200","OK","1.1","Non-Indexable","Canonicalised","https://powerworksgarage.com/","",""
"https://www.powerworksgarage.com/car-servicing-dubai/suspension-repair-dubai/ferrari","text/html; charset=utf-8","200","OK","1.1","Non-Indexable","Canonicalised","https://powerworksgarage.com/","",""
"https://www.powerworksgarage.com/car-servicing-dubai/suspension-repair-dubai/infiniti","text/html; charset=utf-8","200","OK","1.1","Non-Indexable","Canonicalised","https://powerworksgarage.com/","",""
"https://www.powerworksgarage.com/car-servicing-dubai/suspension-repair-dubai/mazda","text/html; charset=utf-8","200","OK","1.1","Non-Indexable","Canonicalised","https://powerworksgarage.com/","",""
"https://www.powerworksgarage.com/car-servicing-dubai/suspension-repair-dubai/mini","text/html; charset=utf-8","200","OK","1.1","Non-Indexable","Canonicalised","https://powerworksgarage.com/","",""
"https://www.powerworksgarage.com/car-servicing-dubai/suspension-repair-dubai/bentley","text/html; charset=utf-8","200","OK","1.1","Non-Indexable","Canonicalised","https://powerworksgarage.com/","",""
"https://www.powerworksgarage.com/car-servicing-dubai/suspension-repair-dubai/maserati","text/html; charset=utf-8","200","OK","1.1","Non-Indexable","Canonicalised","https://powerworksgarage.com/","",""
"https://www.powerworksgarage.com/car-servicing-dubai/suspension-repair-dubai/toyota","text/html; charset=utf-8","200","OK","1.1","Non-Indexable","Canonicalised","https://powerworksgarage.com/","",""
"https://www.powerworksgarage.com/car-servicing-dubai/suspension-repair-dubai/chevrolet","text/html; charset=utf-8","200","OK","1.1","Non-Indexable","Canonicalised","https://powerworksgarage.com/","",""
"https://www.powerworksgarage.com/car-servicing-dubai/suspension-repair-dubai/porsche","text/html; charset=utf-8","200","OK","1.1","Non-Indexable","Canonicalised","https://powerworksgarage.com/","",""
"https://www.powerworksgarage.com/car-servicing-dubai/suspension-repair-dubai/lexus","text/html; charset=utf-8","200","OK","1.1","Non-Indexable","Canonicalised","https://powerworksgarage.com/","",""
"https://www.powerworksgarage.com/car-servicing-dubai/suspension-repair-dubai/jeep","text/html; charset=utf-8","200","OK","1.1","Non-Indexable","Canonicalised","https://powerworksgarage.com/","",""
"https://www.powerworksgarage.com/car-servicing-dubai/suspension-repair-dubai/dodge","text/html; charset=utf-8","200","OK","1.1","Non-Indexable","Canonicalised","https://powerworksgarage.com/","",""
"https://www.powerworksgarage.com/car-servicing-dubai/suspension-repair-dubai/jaguar","text/html; charset=utf-8","200","OK","1.1","Non-Indexable","Canonicalised","https://powerworksgarage.com/","",""
"https://www.powerworksgarage.com/car-servicing-dubai/suspension-repair-dubai/honda","text/html; charset=utf-8","200","OK","1.1","Non-Indexable","Canonicalised","https://powerworksgarage.com/","",""
"https://www.powerworksgarage.com/car-servicing-dubai/suspension-repair-dubai/lamborghini","text/html; charset=utf-8","200","OK","1.1","Non-Indexable","Canonicalised","https://powerworksgarage.com/","",""
"https://www.powerworksgarage.com/car-servicing-dubai/suspension-repair-dubai/land-rover","text/html; charset=utf-8","200","OK","1.1","Non-Indexable","Canonicalised","https://powerworksgarage.com/","",""
"https://www.powerworksgarage.com/car-servicing-dubai/suspension-repair-dubai/bmw","text/html; charset=utf-8","200","OK","1.1","Non-Indexable","Canonicalised","https://powerworksgarage.com/","",""
"https://www.powerworksgarage.com/car-servicing-dubai/suspension-repair-dubai/aston-martin","text/html; charset=utf-8","200","OK","1.1","Non-Indexable","Canonicalised","https://powerworksgarage.com/","",""
"https://www.powerworksgarage.com/vehicles/rolls-royce.jpg","image/jpeg","200","OK","1.1","Indexable","","","",""
"https://www.powerworksgarage.com/vehicles/toyota.png","image/png","200","OK","1.1","Indexable","","","",""
"https://www.powerworksgarage.com/car-servicing-dubai/suspension-repair-dubai/ford","text/html; charset=utf-8","200","OK","1.1","Non-Indexable","Canonicalised","https://powerworksgarage.com/","",""
"https://www.powerworksgarage.com/car-servicing-dubai/suspension-repair-dubai/range-rover","text/html; charset=utf-8","200","OK","1.1","Non-Indexable","Canonicalised","https://powerworksgarage.com/","",""
"https://www.powerworksgarage.com/Icons/timing.png","image/png","200","OK","1.1","Indexable","","","",""
"https://www.powerworksgarage.com/car-servicing-dubai/suspension-repair-dubai/audi","text/html; charset=utf-8","200","OK","1.1","Non-Indexable","Canonicalised","https://powerworksgarage.com/","",""
"https://www.powerworksgarage.com/Icons/inspect.png","image/png","200","OK","1.1","Indexable","","","",""
"https://www.powerworksgarage.com/retail.png","image/png","200","OK","1.1","Indexable","","","",""
"https://www.powerworksgarage.com/Icons/fleet-services.png","image/png","200","OK","1.1","Indexable","","","",""
"https://www.powerworksgarage.com/car-servicing-dubai/car-inspection-dubai","text/html; charset=utf-8","200","OK","1.1","Non-Indexable","Canonicalised","https://powerworksgarage.com/","",""
"https://www.powerworksgarage.com/Icons/recovery.png","image/png","200","OK","1.1","Indexable","","","",""
"https://www.powerworksgarage.com/car-servicing-dubai/car-recovery-dubai","text/html; charset=utf-8","200","OK","1.1","Non-Indexable","Canonicalised","https://powerworksgarage.com/","",""
"https://www.powerworksgarage.com/header-services.jpg","image/jpeg","200","OK","1.1","Indexable","","","",""
"https://www.powerworksgarage.com/fleet.png","image/png","200","OK","1.1","Indexable","","","",""
"https://www.powerworksgarage.com/vehicles/ford.png","image/png","200","OK","1.1","Indexable","","","",""
"https://www.powerworksgarage.com/car-servicing-dubai/timing-belt-dubai","text/html; charset=utf-8","200","OK","1.1","Non-Indexable","Canonicalised","https://powerworksgarage.com/","",""
"https://www.powerworksgarage.com/car-servicing-dubai/fleet-maintenance-dubai","text/html; charset=utf-8","200","OK","1.1","Non-Indexable","Canonicalised","https://powerworksgarage.com/","",""
"https://www.powerworksgarage.com/car-servicing-dubai/battery-replacement-dubai/lamborghini","text/html; charset=utf-8","200","OK","1.1","Non-Indexable","Canonicalised","https://powerworksgarage.com/","",""
"https://www.powerworksgarage.com/car-servicing-dubai/battery-replacement-dubai/porsche","text/html; charset=utf-8","200","OK","1.1","Non-Indexable","Canonicalised","https://powerworksgarage.com/","",""
"https://www.powerworksgarage.com/car-servicing-dubai/battery-replacement-dubai/jeep","text/html; charset=utf-8","200","OK","1.1","Non-Indexable","Canonicalised","https://powerworksgarage.com/","",""
"https://www.powerworksgarage.com/car-servicing-dubai/battery-replacement-dubai/lexus","text/html; charset=utf-8","200","OK","1.1","Non-Indexable","Canonicalised","https://powerworksgarage.com/","",""
"https://www.powerworksgarage.com/car-servicing-dubai/battery-replacement-dubai/chevrolet","text/html; charset=utf-8","200","OK","1.1","Non-Indexable","Canonicalised","https://powerworksgarage.com/","",""
"https://www.powerworksgarage.com/car-servicing-dubai/battery-replacement-dubai/mazda","text/html; charset=utf-8","200","OK","1.1","Non-Indexable","Canonicalised","https://powerworksgarage.com/","",""
"https://www.powerworksgarage.com/car-servicing-dubai/battery-replacement-dubai/ferrari","text/html; charset=utf-8","200","OK","1.1","Non-Indexable","Canonicalised","https://powerworksgarage.com/","",""
"https://www.powerworksgarage.com/car-servicing-dubai/battery-replacement-dubai/maserati","text/html; charset=utf-8","200","OK","1.1","Non-Indexable","Canonicalised","https://powerworksgarage.com/","",""
"https://www.powerworksgarage.com/car-servicing-dubai/battery-replacement-dubai/honda","text/html; charset=utf-8","200","OK","1.1","Non-Indexable","Canonicalised","https://powerworksgarage.com/","",""
"https://www.powerworksgarage.com/car-servicing-dubai/battery-replacement-dubai/nissan","text/html; charset=utf-8","200","OK","1.1","Non-Indexable","Canonicalised","https://powerworksgarage.com/","",""
"https://www.powerworksgarage.com/car-servicing-dubai/battery-replacement-dubai/jaguar","text/html; charset=utf-8","200","OK","1.1","Non-Indexable","Canonicalised","https://powerworksgarage.com/","",""
"https://www.powerworksgarage.com/car-servicing-dubai/battery-replacement-dubai/volkswagen","text/html; charset=utf-8","200","OK","1.1","Non-Indexable","Canonicalised","https://powerworksgarage.com/","",""
"https://www.powerworksgarage.com/car-servicing-dubai/battery-replacement-dubai/dodge","text/html; charset=utf-8","200","OK","1.1","Non-Indexable","Canonicalised","https://powerworksgarage.com/","",""
"https://www.powerworksgarage.com/car-servicing-dubai/battery-replacement-dubai/mini","text/html; charset=utf-8","200","OK","1.1","Non-Indexable","Canonicalised","https://powerworksgarage.com/","",""
"https://www.powerworksgarage.com/car-servicing-dubai/battery-replacement-dubai/audi","text/html; charset=utf-8","200","OK","1.1","Non-Indexable","Canonicalised","https://powerworksgarage.com/","",""
"https://www.powerworksgarage.com/car-servicing-dubai/battery-replacement-dubai/rolls-royce","text/html; charset=utf-8","200","OK","1.1","Non-Indexable","Canonicalised","https://powerworksgarage.com/","",""
"https://www.powerworksgarage.com/car-servicing-dubai/battery-replacement-dubai/infiniti","text/html; charset=utf-8","200","OK","1.1","Non-Indexable","Canonicalised","https://powerworksgarage.com/","",""
"https://www.powerworksgarage.com/car-servicing-dubai/battery-replacement-dubai/gmc","text/html; charset=utf-8","200","OK","1.1","Non-Indexable","Canonicalised","https://powerworksgarage.com/","",""
"https://www.powerworksgarage.com/car-servicing-dubai/battery-replacement-dubai/aston-martin","text/html; charset=utf-8","200","OK","1.1","Non-Indexable","Canonicalised","https://powerworksgarage.com/","",""
"https://www.powerworksgarage.com/car-servicing-dubai/battery-replacement-dubai/ford","text/html; charset=utf-8","200","OK","1.1","Non-Indexable","Canonicalised","https://powerworksgarage.com/","",""
"https://www.powerworksgarage.com/car-servicing-dubai/battery-replacement-dubai/range-rover","text/html; charset=utf-8","200","OK","1.1","Non-Indexable","Canonicalised","https://powerworksgarage.com/","",""
"https://www.powerworksgarage.com/car-servicing-dubai/battery-replacement-dubai/toyota","text/html; charset=utf-8","200","OK","1.1","Non-Indexable","Canonicalised","https://powerworksgarage.com/","",""
"https://www.powerworksgarage.com/car-servicing-dubai/tyre-replacement-dubai/maserati","text/html; charset=utf-8","200","OK","1.1","Non-Indexable","Canonicalised","https://powerworksgarage.com/","",""
"https://www.powerworksgarage.com/car-servicing-dubai/battery-replacement-dubai/bentley","text/html; charset=utf-8","200","OK","1.1","Non-Indexable","Canonicalised","https://powerworksgarage.com/","",""
"https://www.powerworksgarage.com/car-servicing-dubai/tyre-replacement-dubai/audi","text/html; charset=utf-8","200","OK","1.1","Non-Indexable","Canonicalised","https://powerworksgarage.com/","",""
"https://www.powerworksgarage.com/car-servicing-dubai/tyre-replacement-dubai/bmw","text/html; charset=utf-8","200","OK","1.1","Non-Indexable","Canonicalised","https://powerworksgarage.com/","",""
"https://www.powerworksgarage.com/car-servicing-dubai/tyre-replacement-dubai/porsche","text/html; charset=utf-8","200","OK","1.1","Non-Indexable","Canonicalised","https://powerworksgarage.com/","",""
"https://www.powerworksgarage.com/car-servicing-dubai/tyre-replacement-dubai/ford","text/html; charset=utf-8","200","OK","1.1","Non-Indexable","Canonicalised","https://powerworksgarage.com/","",""
"https://www.powerworksgarage.com/car-servicing-dubai/tyre-replacement-dubai/nissan","text/html; charset=utf-8","200","OK","1.1","Non-Indexable","Canonicalised","https://powerworksgarage.com/","",""
"https://www.powerworksgarage.com/car-servicing-dubai/tyre-replacement-dubai/land-rover","text/html; charset=utf-8","200","OK","1.1","Non-Indexable","Canonicalised","https://powerworksgarage.com/","",""
"https://www.powerworksgarage.com/car-servicing-dubai/tyre-replacement-dubai/jaguar","text/html; charset=utf-8","200","OK","1.1","Non-Indexable","Canonicalised","https://powerworksgarage.com/","",""
"https://www.powerworksgarage.com/car-servicing-dubai/tyre-replacement-dubai/aston-martin","text/html; charset=utf-8","200","OK","1.1","Non-Indexable","Canonicalised","https://powerworksgarage.com/","",""
"https://www.powerworksgarage.com/car-servicing-dubai/tyre-replacement-dubai/honda","text/html; charset=utf-8","200","OK","1.1","Non-Indexable","Canonicalised","https://powerworksgarage.com/","",""
"https://www.powerworksgarage.com/car-servicing-dubai/tyre-replacement-dubai/bentley","text/html; charset=utf-8","200","OK","1.1","Non-Indexable","Canonicalised","https://powerworksgarage.com/","",""
"https://www.powerworksgarage.com/car-servicing-dubai/tyre-replacement-dubai/toyota","text/html; charset=utf-8","200","OK","1.1","Non-Indexable","Canonicalised","https://powerworksgarage.com/","",""
"https://www.powerworksgarage.com/car-servicing-dubai/tyre-replacement-dubai/lamborghini","text/html; charset=utf-8","200","OK","1.1","Non-Indexable","Canonicalised","https://powerworksgarage.com/","",""
"https://www.powerworksgarage.com/car-servicing-dubai/tyre-replacement-dubai/volkswagen","text/html; charset=utf-8","200","OK","1.1","Non-Indexable","Canonicalised","https://powerworksgarage.com/","",""
"https://www.powerworksgarage.com/car-servicing-dubai/tyre-replacement-dubai/dodge","text/html; charset=utf-8","200","OK","1.1","Non-Indexable","Canonicalised","https://powerworksgarage.com/","",""
"https://www.powerworksgarage.com/car-servicing-dubai/tyre-replacement-dubai/lexus","text/html; charset=utf-8","200","OK","1.1","Non-Indexable","Canonicalised","https://powerworksgarage.com/","",""
"https://www.powerworksgarage.com/car-servicing-dubai/tyre-replacement-dubai/mini","text/html; charset=utf-8","200","OK","1.1","Non-Indexable","Canonicalised","https://powerworksgarage.com/","",""
"https://www.powerworksgarage.com/car-servicing-dubai/tyre-replacement-dubai/infiniti","text/html; charset=utf-8","200","OK","1.1","Non-Indexable","Canonicalised","https://powerworksgarage.com/","",""
"https://www.powerworksgarage.com/car-servicing-dubai/tyre-replacement-dubai/chevrolet","text/html; charset=utf-8","200","OK","1.1","Non-Indexable","Canonicalised","https://powerworksgarage.com/","",""
"https://www.powerworksgarage.com/car-servicing-dubai/tyre-replacement-dubai/ferrari","text/html; charset=utf-8","200","OK","1.1","Non-Indexable","Canonicalised","https://powerworksgarage.com/","",""
"https://www.powerworksgarage.com/car-servicing-dubai/tyre-replacement-dubai/mazda","text/html; charset=utf-8","200","OK","1.1","Non-Indexable","Canonicalised","https://powerworksgarage.com/","",""
"https://www.powerworksgarage.com/car-servicing-dubai/tyre-replacement-dubai/jeep","text/html; charset=utf-8","200","OK","1.1","Non-Indexable","Canonicalised","https://powerworksgarage.com/","",""
"https://www.powerworksgarage.com/car-servicing-dubai/tyre-replacement-dubai/rolls-royce","text/html; charset=utf-8","200","OK","1.1","Non-Indexable","Canonicalised","https://powerworksgarage.com/","",""
"https://www.powerworksgarage.com/car-servicing-dubai/tyre-replacement-dubai/mercedes","text/html; charset=utf-8","200","OK","1.1","Non-Indexable","Canonicalised","https://powerworksgarage.com/","",""
"https://www.powerworksgarage.com/car-servicing-dubai/tyre-replacement-dubai/gmc","text/html; charset=utf-8","200","OK","1.1","Non-Indexable","Canonicalised","https://powerworksgarage.com/","",""
"https://www.powerworksgarage.com/car-servicing-dubai/tyre-replacement-dubai/range-rover","text/html; charset=utf-8","200","OK","1.1","Non-Indexable","Canonicalised","https://powerworksgarage.com/","",""
"https://www.powerworksgarage.com/car-servicing-dubai/electrical-diagnostics-dubai/bmw","text/html; charset=utf-8","200","OK","1.1","Non-Indexable","Canonicalised","https://powerworksgarage.com/","",""
"https://www.powerworksgarage.com/car-servicing-dubai/electrical-diagnostics-dubai/volkswagen","text/html; charset=utf-8","200","OK","1.1","Non-Indexable","Canonicalised","https://powerworksgarage.com/","",""
"https://www.powerworksgarage.com/car-servicing-dubai/electrical-diagnostics-dubai/nissan","text/html; charset=utf-8","200","OK","1.1","Non-Indexable","Canonicalised","https://powerworksgarage.com/","",""
"https://www.powerworksgarage.com/car-servicing-dubai/electrical-diagnostics-dubai/audi","text/html; charset=utf-8","200","OK","1.1","Non-Indexable","Canonicalised","https://powerworksgarage.com/","",""
"https://www.powerworksgarage.com/car-servicing-dubai/electrical-diagnostics-dubai/mazda","text/html; charset=utf-8","200","OK","1.1","Non-Indexable","Canonicalised","https://powerworksgarage.com/","",""
"https://www.powerworksgarage.com/car-servicing-dubai/electrical-diagnostics-dubai/bentley","text/html; charset=utf-8","200","OK","1.1","Non-Indexable","Canonicalised","https://powerworksgarage.com/","",""
"https://www.powerworksgarage.com/car-servicing-dubai/electrical-diagnostics-dubai/ford","text/html; charset=utf-8","200","OK","1.1","Non-Indexable","Canonicalised","https://powerworksgarage.com/","",""
"https://www.powerworksgarage.com/car-servicing-dubai/electrical-diagnostics-dubai/jeep","text/html; charset=utf-8","200","OK","1.1","Non-Indexable","Canonicalised","https://powerworksgarage.com/","",""
"https://www.powerworksgarage.com/car-servicing-dubai/electrical-diagnostics-dubai/range-rover","text/html; charset=utf-8","200","OK","1.1","Non-Indexable","Canonicalised","https://powerworksgarage.com/","",""
"https://www.powerworksgarage.com/car-servicing-dubai/electrical-diagnostics-dubai/chevrolet","text/html; charset=utf-8","200","OK","1.1","Non-Indexable","Canonicalised","https://powerworksgarage.com/","",""
"https://www.powerworksgarage.com/car-servicing-dubai/electrical-diagnostics-dubai/honda","text/html; charset=utf-8","200","OK","1.1","Non-Indexable","Canonicalised","https://powerworksgarage.com/","",""
"https://www.powerworksgarage.com/car-servicing-dubai/electrical-diagnostics-dubai/rolls-royce","text/html; charset=utf-8","200","OK","1.1","Non-Indexable","Canonicalised","https://powerworksgarage.com/","",""
"https://www.powerworksgarage.com/car-servicing-dubai/electrical-diagnostics-dubai/jaguar","text/html; charset=utf-8","200","OK","1.1","Non-Indexable","Canonicalised","https://powerworksgarage.com/","",""
"https://www.powerworksgarage.com/car-servicing-dubai/electrical-diagnostics-dubai/toyota","text/html; charset=utf-8","200","OK","1.1","Non-Indexable","Canonicalised","https://powerworksgarage.com/","",""
"https://www.powerworksgarage.com/car-servicing-dubai/electrical-diagnostics-dubai/mini","text/html; charset=utf-8","200","OK","1.1","Non-Indexable","Canonicalised","https://powerworksgarage.com/","",""
"https://www.powerworksgarage.com/car-servicing-dubai/electrical-diagnostics-dubai/lexus","text/html; charset=utf-8","200","OK","1.1","Non-Indexable","Canonicalised","https://powerworksgarage.com/","",""
"https://www.powerworksgarage.com/car-servicing-dubai/electrical-diagnostics-dubai/aston-martin","text/html; charset=utf-8","200","OK","1.1","Non-Indexable","Canonicalised","https://powerworksgarage.com/","",""
"https://www.powerworksgarage.com/car-servicing-dubai/electrical-diagnostics-dubai/mercedes","text/html; charset=utf-8","200","OK","1.1","Non-Indexable","Canonicalised","https://powerworksgarage.com/","",""
"https://www.powerworksgarage.com/car-servicing-dubai/electrical-diagnostics-dubai/lamborghini","text/html; charset=utf-8","200","OK","1.1","Non-Indexable","Canonicalised","https://powerworksgarage.com/","",""
"https://www.powerworksgarage.com/car-servicing-dubai/electrical-diagnostics-dubai/gmc","text/html; charset=utf-8","200","OK","1.1","Non-Indexable","Canonicalised","https://powerworksgarage.com/","",""
"https://www.powerworksgarage.com/car-servicing-dubai/electrical-diagnostics-dubai/land-rover","text/html; charset=utf-8","200","OK","1.1","Non-Indexable","Canonicalised","https://powerworksgarage.com/","",""
"https://www.powerworksgarage.com/car-servicing-dubai/electrical-diagnostics-dubai/ferrari","text/html; charset=utf-8","200","OK","1.1","Non-Indexable","Canonicalised","https://powerworksgarage.com/","",""
"https://www.powerworksgarage.com/car-servicing-dubai/electrical-diagnostics-dubai/maserati","text/html; charset=utf-8","200","OK","1.1","Non-Indexable","Canonicalised","https://powerworksgarage.com/","",""
"https://www.powerworksgarage.com/vehicles/mercedes.jpg","image/jpeg","200","OK","1.1","Indexable","","","",""
"https://www.powerworksgarage.com/vehicles/ferrari.png","image/png","200","OK","1.1","Indexable","","","",""
"https://www.powerworksgarage.com/car-servicing-dubai/electrical-diagnostics-dubai/dodge","text/html; charset=utf-8","200","OK","1.1","Non-Indexable","Canonicalised","https://powerworksgarage.com/","",""
"https://www.powerworksgarage.com/car-servicing-dubai/electrical-diagnostics-dubai/porsche","text/html; charset=utf-8","200","OK","1.1","Non-Indexable","Canonicalised","https://powerworksgarage.com/","",""
"https://www.powerworksgarage.com/vehicles/maserati.png","image/png","200","OK","1.1","Indexable","","","",""
"https://www.powerworksgarage.com/vehicles/volkswagen.jpg","image/jpeg","200","OK","1.1","Indexable","","","",""
"https://www.powerworksgarage.com/vehicles/porsche.jpg","image/jpeg","200","OK","1.1","Indexable","","","",""
"https://www.powerworksgarage.com/car-servicing-dubai/electrical-diagnostics-dubai/infiniti","text/html; charset=utf-8","200","OK","1.1","Non-Indexable","Canonicalised","https://powerworksgarage.com/","",""
"https://www.powerworksgarage.com/vehicles/bentley.jpg","image/jpeg","200","OK","1.1","Indexable","","","",""
"https://www.powerworksgarage.com/vehicles/dodge.png","image/png","200","OK","1.1","Indexable","","","",""
"https://www.powerworksgarage.com/vehicles/lamborghini.png","image/png","200","OK","1.1","Indexable","","","",""
"https://www.powerworksgarage.com/vehicles/aston-martin.jpg","image/jpeg","200","OK","1.1","Indexable","","","",""
"https://www.powerworksgarage.com/vehicles/mini.png","image/png","200","OK","1.1","Indexable","","","",""
"https://www.powerworksgarage.com/vehicles/nissan.png","image/png","200","OK","1.1","Indexable","","","",""
"https://www.powerworksgarage.com/vehicles/mazda.png","image/png","200","OK","1.1","Indexable","","","",""
"https://www.powerworksgarage.com/car-servicing-dubai/pre-purchase-inspection-dubai/chevrolet","text/html; charset=utf-8","200","OK","1.1","Non-Indexable","Canonicalised","https://powerworksgarage.com/","",""
"https://www.powerworksgarage.com/car-servicing-dubai/pre-purchase-inspection-dubai/mercedes","text/html; charset=utf-8","200","OK","1.1","Non-Indexable","Canonicalised","https://powerworksgarage.com/","",""
"https://www.powerworksgarage.com/car-servicing-dubai/pre-purchase-inspection-dubai/maserati","text/html; charset=utf-8","200","OK","1.1","Non-Indexable","Canonicalised","https://powerworksgarage.com/","",""
"https://www.powerworksgarage.com/car-servicing-dubai/pre-purchase-inspection-dubai/bmw","text/html; charset=utf-8","200","OK","1.1","Non-Indexable","Canonicalised","https://powerworksgarage.com/","",""
"https://www.powerworksgarage.com/car-servicing-dubai/pre-purchase-inspection-dubai/range-rover","text/html; charset=utf-8","200","OK","1.1","Non-Indexable","Canonicalised","https://powerworksgarage.com/","",""
"https://www.powerworksgarage.com/car-servicing-dubai/pre-purchase-inspection-dubai/mini","text/html; charset=utf-8","200","OK","1.1","Non-Indexable","Canonicalised","https://powerworksgarage.com/","",""
"https://www.powerworksgarage.com/car-servicing-dubai/pre-purchase-inspection-dubai/land-rover","text/html; charset=utf-8","200","OK","1.1","Non-Indexable","Canonicalised","https://powerworksgarage.com/","",""
"https://www.powerworksgarage.com/car-servicing-dubai/pre-purchase-inspection-dubai/jeep","text/html; charset=utf-8","200","OK","1.1","Non-Indexable","Canonicalised","https://powerworksgarage.com/","",""
"https://www.powerworksgarage.com/car-servicing-dubai/pre-purchase-inspection-dubai/nissan","text/html; charset=utf-8","200","OK","1.1","Non-Indexable","Canonicalised","https://powerworksgarage.com/","",""
"https://www.powerworksgarage.com/car-servicing-dubai/pre-purchase-inspection-dubai/honda","text/html; charset=utf-8","200","OK","1.1","Non-Indexable","Canonicalised","https://powerworksgarage.com/","",""
"https://www.powerworksgarage.com/car-servicing-dubai/pre-purchase-inspection-dubai/toyota","text/html; charset=utf-8","200","OK","1.1","Non-Indexable","Canonicalised","https://powerworksgarage.com/","",""
"https://www.powerworksgarage.com/car-servicing-dubai/pre-purchase-inspection-dubai/ferrari","text/html; charset=utf-8","200","OK","1.1","Non-Indexable","Canonicalised","https://powerworksgarage.com/","",""
"https://www.powerworksgarage.com/car-servicing-dubai/pre-purchase-inspection-dubai/jaguar","text/html; charset=utf-8","200","OK","1.1","Non-Indexable","Canonicalised","https://powerworksgarage.com/","",""
"https://www.powerworksgarage.com/car-servicing-dubai/pre-purchase-inspection-dubai/dodge","text/html; charset=utf-8","200","OK","1.1","Non-Indexable","Canonicalised","https://powerworksgarage.com/","",""
"https://www.powerworksgarage.com/car-servicing-dubai/pre-purchase-inspection-dubai/aston-martin","text/html; charset=utf-8","200","OK","1.1","Non-Indexable","Canonicalised","https://powerworksgarage.com/","",""
"https://www.powerworksgarage.com/car-servicing-dubai/pre-purchase-inspection-dubai/volkswagen","text/html; charset=utf-8","200","OK","1.1","Non-Indexable","Canonicalised","https://powerworksgarage.com/","",""
"https://www.powerworksgarage.com/car-servicing-dubai/pre-purchase-inspection-dubai/rolls-royce","text/html; charset=utf-8","200","OK","1.1","Non-Indexable","Canonicalised","https://powerworksgarage.com/","",""
"https://www.powerworksgarage.com/car-servicing-dubai/pre-purchase-inspection-dubai/bentley","text/html; charset=utf-8","200","OK","1.1","Non-Indexable","Canonicalised","https://powerworksgarage.com/","",""
"https://www.powerworksgarage.com/car-servicing-dubai/pre-purchase-inspection-dubai/infiniti","text/html; charset=utf-8","200","OK","1.1","Non-Indexable","Canonicalised","https://powerworksgarage.com/","",""
"https://www.powerworksgarage.com/car-servicing-dubai/pre-purchase-inspection-dubai/lexus","text/html; charset=utf-8","200","OK","1.1","Non-Indexable","Canonicalised","https://powerworksgarage.com/","",""
"https://www.powerworksgarage.com/car-servicing-dubai/pre-purchase-inspection-dubai/gmc","text/html; charset=utf-8","200","OK","1.1","Non-Indexable","Canonicalised","https://powerworksgarage.com/","",""
"https://www.powerworksgarage.com/car-servicing-dubai/pre-purchase-inspection-dubai/audi","text/html; charset=utf-8","200","OK","1.1","Non-Indexable","Canonicalised","https://powerworksgarage.com/","",""
"https://www.powerworksgarage.com/car-servicing-dubai/pre-purchase-inspection-dubai/lamborghini","text/html; charset=utf-8","200","OK","1.1","Non-Indexable","Canonicalised","https://powerworksgarage.com/","",""
"https://www.powerworksgarage.com/car-servicing-dubai/pre-purchase-inspection-dubai/porsche","text/html; charset=utf-8","200","OK","1.1","Non-Indexable","Canonicalised","https://powerworksgarage.com/","",""
"https://www.powerworksgarage.com/vehicles/jeep-wrangler.png","image/png","200","OK","1.1","Indexable","","","",""
"https://www.powerworksgarage.com/car-servicing-dubai/pre-purchase-inspection-dubai/ford","text/html; charset=utf-8","200","OK","1.1","Non-Indexable","Canonicalised","https://powerworksgarage.com/","",""
"https://www.powerworksgarage.com/car-servicing-dubai/pre-purchase-inspection-dubai/mazda","text/html; charset=utf-8","200","OK","1.1","Non-Indexable","Canonicalised","https://powerworksgarage.com/","",""
"https://www.powerworksgarage.com/car-servicing-dubai/brake-service-dubai/infiniti","text/html; charset=utf-8","200","OK","1.1","Non-Indexable","Canonicalised","https://powerworksgarage.com/","",""
"https://www.powerworksgarage.com/car-servicing-dubai/brake-service-dubai/lamborghini","text/html; charset=utf-8","200","OK","1.1","Non-Indexable","Canonicalised","https://powerworksgarage.com/","",""
"https://www.powerworksgarage.com/car-servicing-dubai/brake-service-dubai/nissan","text/html; charset=utf-8","200","OK","1.1","Non-Indexable","Canonicalised","https://powerworksgarage.com/","",""
"https://www.powerworksgarage.com/car-servicing-dubai/brake-service-dubai/mercedes","text/html; charset=utf-8","200","OK","1.1","Non-Indexable","Canonicalised","https://powerworksgarage.com/","",""
"https://www.powerworksgarage.com/car-servicing-dubai/brake-service-dubai/land-rover","text/html; charset=utf-8","200","OK","1.1","Non-Indexable","Canonicalised","https://powerworksgarage.com/","",""
"https://www.powerworksgarage.com/car-servicing-dubai/brake-service-dubai/lexus","text/html; charset=utf-8","200","OK","1.1","Non-Indexable","Canonicalised","https://powerworksgarage.com/","",""
"https://www.powerworksgarage.com/car-servicing-dubai/brake-service-dubai/honda","text/html; charset=utf-8","200","OK","1.1","Non-Indexable","Canonicalised","https://powerworksgarage.com/","",""
"https://www.powerworksgarage.com/car-servicing-dubai/brake-service-dubai/bmw","text/html; charset=utf-8","200","OK","1.1","Non-Indexable","Canonicalised","https://powerworksgarage.com/","",""
"https://www.powerworksgarage.com/car-servicing-dubai/brake-service-dubai/range-rover","text/html; charset=utf-8","200","OK","1.1","Non-Indexable","Canonicalised","https://powerworksgarage.com/","",""
"https://www.powerworksgarage.com/car-servicing-dubai/brake-service-dubai/rolls-royce","text/html; charset=utf-8","200","OK","1.1","Non-Indexable","Canonicalised","https://powerworksgarage.com/","",""
"https://www.powerworksgarage.com/car-servicing-dubai/brake-service-dubai/chevrolet","text/html; charset=utf-8","200","OK","1.1","Non-Indexable","Canonicalised","https://powerworksgarage.com/","",""
"https://www.powerworksgarage.com/car-servicing-dubai/brake-service-dubai/mini","text/html; charset=utf-8","200","OK","1.1","Non-Indexable","Canonicalised","https://powerworksgarage.com/","",""
"https://www.powerworksgarage.com/car-servicing-dubai/brake-service-dubai/bentley","text/html; charset=utf-8","200","OK","1.1","Non-Indexable","Canonicalised","https://powerworksgarage.com/","",""
"https://www.powerworksgarage.com/car-servicing-dubai/brake-service-dubai/gmc","text/html; charset=utf-8","200","OK","1.1","Non-Indexable","Canonicalised","https://powerworksgarage.com/","",""
"https://www.powerworksgarage.com/car-servicing-dubai/brake-service-dubai/maserati","text/html; charset=utf-8","200","OK","1.1","Non-Indexable","Canonicalised","https://powerworksgarage.com/","",""
"https://www.powerworksgarage.com/car-servicing-dubai/brake-service-dubai/porsche","text/html; charset=utf-8","200","OK","1.1","Non-Indexable","Canonicalised","https://powerworksgarage.com/","",""
"https://www.powerworksgarage.com/car-servicing-dubai/brake-service-dubai/jeep","text/html; charset=utf-8","200","OK","1.1","Non-Indexable","Canonicalised","https://powerworksgarage.com/","",""
"https://www.powerworksgarage.com/car-servicing-dubai/brake-service-dubai/toyota","text/html; charset=utf-8","200","OK","1.1","Non-Indexable","Canonicalised","https://powerworksgarage.com/","",""
"https://www.powerworksgarage.com/car-servicing-dubai/brake-service-dubai/jaguar","text/html; charset=utf-8","200","OK","1.1","Non-Indexable","Canonicalised","https://powerworksgarage.com/","",""
"https://www.powerworksgarage.com/car-servicing-dubai/brake-service-dubai/ford","text/html; charset=utf-8","200","OK","1.1","Non-Indexable","Canonicalised","https://powerworksgarage.com/","",""
"https://www.powerworksgarage.com/car-servicing-dubai/brake-service-dubai/audi","text/html; charset=utf-8","200","OK","1.1","Non-Indexable","Canonicalised","https://powerworksgarage.com/","",""
"https://www.powerworksgarage.com/car-servicing-dubai/brake-service-dubai/volkswagen","text/html; charset=utf-8","200","OK","1.1","Non-Indexable","Canonicalised","https://powerworksgarage.com/","",""
"https://www.powerworksgarage.com/car-servicing-dubai/brake-service-dubai/aston-martin","text/html; charset=utf-8","200","OK","1.1","Non-Indexable","Canonicalised","https://powerworksgarage.com/","",""
"https://www.powerworksgarage.com/vehicles/land-rover.jpg","image/jpeg","200","OK","1.1","Indexable","","","",""
"https://www.powerworksgarage.com/car-servicing-dubai/brake-service-dubai/ferrari","text/html; charset=utf-8","200","OK","1.1","Non-Indexable","Canonicalised","https://powerworksgarage.com/","",""
"https://www.powerworksgarage.com/car-servicing-dubai/brake-service-dubai/mazda","text/html; charset=utf-8","200","OK","1.1","Non-Indexable","Canonicalised","https://powerworksgarage.com/","",""
"https://www.powerworksgarage.com/car-servicing-dubai/brake-service-dubai/dodge","text/html; charset=utf-8","200","OK","1.1","Non-Indexable","Canonicalised","https://powerworksgarage.com/","",""
"https://www.powerworksgarage.com/car-servicing-dubai/timing-belt-dubai/jaguar","text/html; charset=utf-8","200","OK","1.1","Non-Indexable","Canonicalised","https://powerworksgarage.com/","",""
"https://www.powerworksgarage.com/car-servicing-dubai/timing-belt-dubai/nissan","text/html; charset=utf-8","200","OK","1.1","Non-Indexable","Canonicalised","https://powerworksgarage.com/","",""
"https://www.powerworksgarage.com/car-servicing-dubai/timing-belt-dubai/honda","text/html; charset=utf-8","200","OK","1.1","Non-Indexable","Canonicalised","https://powerworksgarage.com/","",""
"https://www.powerworksgarage.com/car-servicing-dubai/timing-belt-dubai/jeep","text/html; charset=utf-8","200","OK","1.1","Non-Indexable","Canonicalised","https://powerworksgarage.com/","",""
"https://www.powerworksgarage.com/car-servicing-dubai/timing-belt-dubai/mercedes","text/html; charset=utf-8","200","OK","1.1","Non-Indexable","Canonicalised","https://powerworksgarage.com/","",""
"https://www.powerworksgarage.com/car-servicing-dubai/fleet-maintenance-dubai/bmw","text/html; charset=utf-8","200","OK","1.1","Non-Indexable","Canonicalised","https://powerworksgarage.com/","",""
"https://www.powerworksgarage.com/car-servicing-dubai/fleet-maintenance-dubai/aston-martin","text/html; charset=utf-8","200","OK","1.1","Non-Indexable","Canonicalised","https://powerworksgarage.com/","",""
"https://www.powerworksgarage.com/car-servicing-dubai/fleet-maintenance-dubai/lamborghini","text/html; charset=utf-8","200","OK","1.1","Non-Indexable","Canonicalised","https://powerworksgarage.com/","",""
"https://www.powerworksgarage.com/car-servicing-dubai/fleet-maintenance-dubai/porsche","text/html; charset=utf-8","200","OK","1.1","Non-Indexable","Canonicalised","https://powerworksgarage.com/","",""
"https://www.powerworksgarage.com/car-servicing-dubai/fleet-maintenance-dubai/mercedes","text/html; charset=utf-8","200","OK","1.1","Non-Indexable","Canonicalised","https://powerworksgarage.com/","",""
"https://www.powerworksgarage.com/car-servicing-dubai/fleet-maintenance-dubai/jaguar","text/html; charset=utf-8","200","OK","1.1","Non-Indexable","Canonicalised","https://powerworksgarage.com/","",""
"https://www.powerworksgarage.com/car-servicing-dubai/fleet-maintenance-dubai/mini","text/html; charset=utf-8","200","OK","1.1","Non-Indexable","Canonicalised","https://powerworksgarage.com/","",""
"https://www.powerworksgarage.com/car-servicing-dubai/fleet-maintenance-dubai/toyota","text/html; charset=utf-8","200","OK","1.1","Non-Indexable","Canonicalised","https://powerworksgarage.com/","",""
"https://www.powerworksgarage.com/car-servicing-dubai/fleet-maintenance-dubai/honda","text/html; charset=utf-8","200","OK","1.1","Non-Indexable","Canonicalised","https://powerworksgarage.com/","",""
"https://www.powerworksgarage.com/car-servicing-dubai/fleet-maintenance-dubai/rolls-royce","text/html; charset=utf-8","200","OK","1.1","Non-Indexable","Canonicalised","https://powerworksgarage.com/","",""
"https://www.powerworksgarage.com/car-servicing-dubai/fleet-maintenance-dubai/chevrolet","text/html; charset=utf-8","200","OK","1.1","Non-Indexable","Canonicalised","https://powerworksgarage.com/","",""
"https://www.powerworksgarage.com/car-servicing-dubai/fleet-maintenance-dubai/lexus","text/html; charset=utf-8","200","OK","1.1","Non-Indexable","Canonicalised","https://powerworksgarage.com/","",""
"https://www.powerworksgarage.com/car-servicing-dubai/fleet-maintenance-dubai/range-rover","text/html; charset=utf-8","200","OK","1.1","Non-Indexable","Canonicalised","https://powerworksgarage.com/","",""
"https://www.powerworksgarage.com/car-servicing-dubai/fleet-maintenance-dubai/jeep","text/html; charset=utf-8","200","OK","1.1","Non-Indexable","Canonicalised","https://powerworksgarage.com/","",""
"https://www.powerworksgarage.com/car-servicing-dubai/fleet-maintenance-dubai/bentley","text/html; charset=utf-8","200","OK","1.1","Non-Indexable","Canonicalised","https://powerworksgarage.com/","",""
"https://www.powerworksgarage.com/car-servicing-dubai/fleet-maintenance-dubai/nissan","text/html; charset=utf-8","200","OK","1.1","Non-Indexable","Canonicalised","https://powerworksgarage.com/","",""
"https://www.powerworksgarage.com/car-servicing-dubai/fleet-maintenance-dubai/volkswagen","text/html; charset=utf-8","200","OK","1.1","Non-Indexable","Canonicalised","https://powerworksgarage.com/","",""
"https://www.powerworksgarage.com/car-servicing-dubai/fleet-maintenance-dubai/audi","text/html; charset=utf-8","200","OK","1.1","Non-Indexable","Canonicalised","https://powerworksgarage.com/","",""
"https://www.powerworksgarage.com/car-servicing-dubai/fleet-maintenance-dubai/land-rover","text/html; charset=utf-8","200","OK","1.1","Non-Indexable","Canonicalised","https://powerworksgarage.com/","",""
"https://www.powerworksgarage.com/car-servicing-dubai/fleet-maintenance-dubai/ford","text/html; charset=utf-8","200","OK","1.1","Non-Indexable","Canonicalised","https://powerworksgarage.com/","",""
"https://www.powerworksgarage.com/car-servicing-dubai/fleet-maintenance-dubai/ferrari","text/html; charset=utf-8","200","OK","1.1","Non-Indexable","Canonicalised","https://powerworksgarage.com/","",""
"https://www.powerworksgarage.com/car-servicing-dubai/fleet-maintenance-dubai/mazda","text/html; charset=utf-8","200","OK","1.1","Non-Indexable","Canonicalised","https://powerworksgarage.com/","",""
"https://www.powerworksgarage.com/car-servicing-dubai/fleet-maintenance-dubai/dodge","text/html; charset=utf-8","200","OK","1.1","Non-Indexable","Canonicalised","https://powerworksgarage.com/","",""
"https://www.powerworksgarage.com/car-servicing-dubai/fleet-maintenance-dubai/gmc","text/html; charset=utf-8","200","OK","1.1","Non-Indexable","Canonicalised","https://powerworksgarage.com/","",""
"https://www.powerworksgarage.com/car-servicing-dubai/fleet-maintenance-dubai/maserati","text/html; charset=utf-8","200","OK","1.1","Non-Indexable","Canonicalised","https://powerworksgarage.com/","",""
"https://www.powerworksgarage.com/car-servicing-dubai/fleet-maintenance-dubai/infiniti","text/html; charset=utf-8","200","OK","1.1","Non-Indexable","Canonicalised","https://powerworksgarage.com/","",""
"https://www.powerworksgarage.com/car-servicing-dubai/timing-belt-dubai/lexus","text/html; charset=utf-8","200","OK","1.1","Non-Indexable","Canonicalised","https://powerworksgarage.com/","",""
"https://www.powerworksgarage.com/car-servicing-dubai/timing-belt-dubai/toyota","text/html; charset=utf-8","200","OK","1.1","Non-Indexable","Canonicalised","https://powerworksgarage.com/","",""
"https://www.powerworksgarage.com/car-servicing-dubai/timing-belt-dubai/land-rover","text/html; charset=utf-8","200","OK","1.1","Non-Indexable","Canonicalised","https://powerworksgarage.com/","",""
"https://www.powerworksgarage.com/car-servicing-dubai/timing-belt-dubai/ferrari","text/html; charset=utf-8","200","OK","1.1","Non-Indexable","Canonicalised","https://powerworksgarage.com/","",""
"https://www.powerworksgarage.com/car-servicing-dubai/timing-belt-dubai/chevrolet","text/html; charset=utf-8","200","OK","1.1","Non-Indexable","Canonicalised","https://powerworksgarage.com/","",""
"https://www.powerworksgarage.com/car-servicing-dubai/timing-belt-dubai/volkswagen","text/html; charset=utf-8","200","OK","1.1","Non-Indexable","Canonicalised","https://powerworksgarage.com/","",""
"https://www.powerworksgarage.com/car-servicing-dubai/timing-belt-dubai/mini","text/html; charset=utf-8","200","OK","1.1","Non-Indexable","Canonicalised","https://powerworksgarage.com/","",""
"https://www.powerworksgarage.com/car-servicing-dubai/timing-belt-dubai/infiniti","text/html; charset=utf-8","200","OK","1.1","Non-Indexable","Canonicalised","https://powerworksgarage.com/","",""
"https://www.powerworksgarage.com/car-servicing-dubai/timing-belt-dubai/mazda","text/html; charset=utf-8","200","OK","1.1","Non-Indexable","Canonicalised","https://powerworksgarage.com/","",""
"https://www.powerworksgarage.com/car-servicing-dubai/timing-belt-dubai/bentley","text/html; charset=utf-8","200","OK","1.1","Non-Indexable","Canonicalised","https://powerworksgarage.com/","",""
"https://www.powerworksgarage.com/car-servicing-dubai/timing-belt-dubai/gmc","text/html; charset=utf-8","200","OK","1.1","Non-Indexable","Canonicalised","https://powerworksgarage.com/","",""
"https://www.powerworksgarage.com/car-servicing-dubai/timing-belt-dubai/porsche","text/html; charset=utf-8","200","OK","1.1","Non-Indexable","Canonicalised","https://powerworksgarage.com/","",""
"https://www.powerworksgarage.com/car-servicing-dubai/timing-belt-dubai/rolls-royce","text/html; charset=utf-8","200","OK","1.1","Non-Indexable","Canonicalised","https://powerworksgarage.com/","",""
"https://www.powerworksgarage.com/car-servicing-dubai/timing-belt-dubai/audi","text/html; charset=utf-8","200","OK","1.1","Non-Indexable","Canonicalised","https://powerworksgarage.com/","",""
"https://www.powerworksgarage.com/car-servicing-dubai/timing-belt-dubai/dodge","text/html; charset=utf-8","200","OK","1.1","Non-Indexable","Canonicalised","https://powerworksgarage.com/","",""
"https://www.powerworksgarage.com/car-servicing-dubai/timing-belt-dubai/range-rover","text/html; charset=utf-8","200","OK","1.1","Non-Indexable","Canonicalised","https://powerworksgarage.com/","",""
"https://www.powerworksgarage.com/car-servicing-dubai/timing-belt-dubai/ford","text/html; charset=utf-8","200","OK","1.1","Non-Indexable","Canonicalised","https://powerworksgarage.com/","",""
"https://www.powerworksgarage.com/car-servicing-dubai/timing-belt-dubai/lamborghini","text/html; charset=utf-8","200","OK","1.1","Non-Indexable","Canonicalised","https://powerworksgarage.com/","",""
"https://www.powerworksgarage.com/car-servicing-dubai/timing-belt-dubai/maserati","text/html; charset=utf-8","200","OK","1.1","Non-Indexable","Canonicalised","https://powerworksgarage.com/","",""
"https://www.powerworksgarage.com/car-servicing-dubai/timing-belt-dubai/aston-martin","text/html; charset=utf-8","200","OK","1.1","Non-Indexable","Canonicalised","https://powerworksgarage.com/","",""
"https://www.powerworksgarage.com/car-servicing-dubai/car-recovery-dubai/infiniti","text/html; charset=utf-8","200","OK","1.1","Non-Indexable","Canonicalised","https://powerworksgarage.com/","",""
"https://www.powerworksgarage.com/car-servicing-dubai/car-recovery-dubai/chevrolet","text/html; charset=utf-8","200","OK","1.1","Non-Indexable","Canonicalised","https://powerworksgarage.com/","",""
"https://www.powerworksgarage.com/car-servicing-dubai/car-recovery-dubai/land-rover","text/html; charset=utf-8","200","OK","1.1","Non-Indexable","Canonicalised","https://powerworksgarage.com/","",""
"https://www.powerworksgarage.com/car-servicing-dubai/timing-belt-dubai/bmw","text/html; charset=utf-8","200","OK","1.1","Non-Indexable","Canonicalised","https://powerworksgarage.com/","",""
"https://www.powerworksgarage.com/car-servicing-dubai/car-recovery-dubai/maserati","text/html; charset=utf-8","200","OK","1.1","Non-Indexable","Canonicalised","https://powerworksgarage.com/","",""
"https://www.powerworksgarage.com/car-servicing-dubai/car-recovery-dubai/mercedes","text/html; charset=utf-8","200","OK","1.1","Non-Indexable","Canonicalised","https://powerworksgarage.com/","",""
"https://www.powerworksgarage.com/car-servicing-dubai/car-recovery-dubai/dodge","text/html; charset=utf-8","200","OK","1.1","Non-Indexable","Canonicalised","https://powerworksgarage.com/","",""
"https://www.powerworksgarage.com/car-servicing-dubai/car-recovery-dubai/porsche","text/html; charset=utf-8","200","OK","1.1","Non-Indexable","Canonicalised","https://powerworksgarage.com/","",""
"https://www.powerworksgarage.com/car-servicing-dubai/car-recovery-dubai/rolls-royce","text/html; charset=utf-8","200","OK","1.1","Non-Indexable","Canonicalised","https://powerworksgarage.com/","",""
"https://www.powerworksgarage.com/car-servicing-dubai/car-recovery-dubai/jaguar","text/html; charset=utf-8","200","OK","1.1","Non-Indexable","Canonicalised","https://powerworksgarage.com/","",""
"https://www.powerworksgarage.com/car-servicing-dubai/car-recovery-dubai/jeep","text/html; charset=utf-8","200","OK","1.1","Non-Indexable","Canonicalised","https://powerworksgarage.com/","",""
"https://www.powerworksgarage.com/car-servicing-dubai/car-recovery-dubai/honda","text/html; charset=utf-8","200","OK","1.1","Non-Indexable","Canonicalised","https://powerworksgarage.com/","",""
"https://www.powerworksgarage.com/car-servicing-dubai/car-recovery-dubai/mini","text/html; charset=utf-8","200","OK","1.1","Non-Indexable","Canonicalised","https://powerworksgarage.com/","",""
"https://www.powerworksgarage.com/car-servicing-dubai/car-recovery-dubai/volkswagen","text/html; charset=utf-8","200","OK","1.1","Non-Indexable","Canonicalised","https://powerworksgarage.com/","",""
"https://www.powerworksgarage.com/car-servicing-dubai/car-recovery-dubai/nissan","text/html; charset=utf-8","200","OK","1.1","Non-Indexable","Canonicalised","https://powerworksgarage.com/","",""
"https://www.powerworksgarage.com/header-fleet.jpg","image/jpeg","200","OK","1.1","Indexable","","","",""
"https://www.powerworksgarage.com/car-servicing-dubai/car-recovery-dubai/lamborghini","text/html; charset=utf-8","200","OK","1.1","Non-Indexable","Canonicalised","https://powerworksgarage.com/","",""
"https://www.powerworksgarage.com/car-servicing-dubai/car-recovery-dubai/gmc","text/html; charset=utf-8","200","OK","1.1","Non-Indexable","Canonicalised","https://powerworksgarage.com/","",""
"https://www.powerworksgarage.com/car-servicing-dubai/car-recovery-dubai/range-rover","text/html; charset=utf-8","200","OK","1.1","Non-Indexable","Canonicalised","https://powerworksgarage.com/","",""
"https://www.powerworksgarage.com/car-servicing-dubai/car-recovery-dubai/lexus","text/html; charset=utf-8","200","OK","1.1","Non-Indexable","Canonicalised","https://powerworksgarage.com/","",""
"https://www.powerworksgarage.com/car-servicing-dubai/car-recovery-dubai/mazda","text/html; charset=utf-8","200","OK","1.1","Non-Indexable","Canonicalised","https://powerworksgarage.com/","",""
"https://www.powerworksgarage.com/car-servicing-dubai/car-recovery-dubai/toyota","text/html; charset=utf-8","200","OK","1.1","Non-Indexable","Canonicalised","https://powerworksgarage.com/","",""
"https://www.powerworksgarage.com/car-servicing-dubai/car-recovery-dubai/ford","text/html; charset=utf-8","200","OK","1.1","Non-Indexable","Canonicalised","https://powerworksgarage.com/","",""
"https://www.powerworksgarage.com/car-servicing-dubai/car-recovery-dubai/ferrari","text/html; charset=utf-8","200","OK","1.1","Non-Indexable","Canonicalised","https://powerworksgarage.com/","",""
"https://www.powerworksgarage.com/car-servicing-dubai/car-recovery-dubai/bentley","text/html; charset=utf-8","200","OK","1.1","Non-Indexable","Canonicalised","https://powerworksgarage.com/","",""
"https://www.powerworksgarage.com/car-servicing-dubai/car-recovery-dubai/audi","text/html; charset=utf-8","200","OK","1.1","Non-Indexable","Canonicalised","https://powerworksgarage.com/","",""
"https://www.powerworksgarage.com/car-servicing-dubai/car-recovery-dubai/aston-martin","text/html; charset=utf-8","200","OK","1.1","Non-Indexable","Canonicalised","https://powerworksgarage.com/","",""
"https://www.powerworksgarage.com/car-servicing-dubai/car-recovery-dubai/bmw","text/html; charset=utf-8","200","OK","1.1","Non-Indexable","Canonicalised","https://powerworksgarage.com/","",""
"https://www.powerworksgarage.com/car-servicing-dubai/car-inspection-dubai/mercedes","text/html; charset=utf-8","200","OK","1.1","Non-Indexable","Canonicalised","https://powerworksgarage.com/","",""
"https://www.powerworksgarage.com/car-servicing-dubai/car-inspection-dubai/aston-martin","text/html; charset=utf-8","200","OK","1.1","Non-Indexable","Canonicalised","https://powerworksgarage.com/","",""
"https://www.powerworksgarage.com/car-servicing-dubai/car-inspection-dubai/ford","text/html; charset=utf-8","200","OK","1.1","Non-Indexable","Canonicalised","https://powerworksgarage.com/","",""
"https://www.powerworksgarage.com/car-servicing-dubai/car-inspection-dubai/range-rover","text/html; charset=utf-8","200","OK","1.1","Non-Indexable","Canonicalised","https://powerworksgarage.com/","",""
"https://www.powerworksgarage.com/car-servicing-dubai/car-inspection-dubai/honda","text/html; charset=utf-8","200","OK","1.1","Non-Indexable","Canonicalised","https://powerworksgarage.com/","",""
"https://www.powerworksgarage.com/car-servicing-dubai/car-inspection-dubai/bmw","text/html; charset=utf-8","200","OK","1.1","Non-Indexable","Canonicalised","https://powerworksgarage.com/","",""
"https://www.powerworksgarage.com/car-servicing-dubai/car-inspection-dubai/audi","text/html; charset=utf-8","200","OK","1.1","Non-Indexable","Canonicalised","https://powerworksgarage.com/","",""
"https://www.powerworksgarage.com/car-servicing-dubai/car-inspection-dubai/rolls-royce","text/html; charset=utf-8","200","OK","1.1","Non-Indexable","Canonicalised","https://powerworksgarage.com/","",""
"https://www.powerworksgarage.com/car-servicing-dubai/car-inspection-dubai/maserati","text/html; charset=utf-8","200","OK","1.1","Non-Indexable","Canonicalised","https://powerworksgarage.com/","",""
"https://www.powerworksgarage.com/car-servicing-dubai/car-inspection-dubai/lexus","text/html; charset=utf-8","200","OK","1.1","Non-Indexable","Canonicalised","https://powerworksgarage.com/","",""
"https://www.powerworksgarage.com/car-servicing-dubai/car-inspection-dubai/porsche","text/html; charset=utf-8","200","OK","1.1","Non-Indexable","Canonicalised","https://powerworksgarage.com/","",""
"https://www.powerworksgarage.com/car-servicing-dubai/car-inspection-dubai/gmc","text/html; charset=utf-8","200","OK","1.1","Non-Indexable","Canonicalised","https://powerworksgarage.com/","",""
"https://www.powerworksgarage.com/car-servicing-dubai/car-inspection-dubai/dodge","text/html; charset=utf-8","200","OK","1.1","Non-Indexable","Canonicalised","https://powerworksgarage.com/","",""
"https://www.powerworksgarage.com/car-servicing-dubai/car-inspection-dubai/jaguar","text/html; charset=utf-8","200","OK","1.1","Non-Indexable","Canonicalised","https://powerworksgarage.com/","",""
"https://www.powerworksgarage.com/car-servicing-dubai/car-inspection-dubai/jeep","text/html; charset=utf-8","200","OK","1.1","Non-Indexable","Canonicalised","https://powerworksgarage.com/","",""
"https://www.powerworksgarage.com/car-servicing-dubai/car-inspection-dubai/bentley","text/html; charset=utf-8","200","OK","1.1","Non-Indexable","Canonicalised","https://powerworksgarage.com/","",""
"https://www.powerworksgarage.com/car-servicing-dubai/car-inspection-dubai/mini","text/html; charset=utf-8","200","OK","1.1","Non-Indexable","Canonicalised","https://powerworksgarage.com/","",""
"https://www.powerworksgarage.com/car-servicing-dubai/car-inspection-dubai/land-rover","text/html; charset=utf-8","200","OK","1.1","Non-Indexable","Canonicalised","https://powerworksgarage.com/","",""
"https://www.powerworksgarage.com/car-servicing-dubai/car-inspection-dubai/nissan","text/html; charset=utf-8","200","OK","1.1","Non-Indexable","Canonicalised","https://powerworksgarage.com/","",""
"https://www.powerworksgarage.com/car-servicing-dubai/car-inspection-dubai/toyota","text/html; charset=utf-8","200","OK","1.1","Non-Indexable","Canonicalised","https://powerworksgarage.com/","",""
"https://www.powerworksgarage.com/car-servicing-dubai/car-inspection-dubai/mazda","text/html; charset=utf-8","200","OK","1.1","Non-Indexable","Canonicalised","https://powerworksgarage.com/","",""
"https://www.powerworksgarage.com/car-servicing-dubai/car-inspection-dubai/ferrari","text/html; charset=utf-8","200","OK","1.1","Non-Indexable","Canonicalised","https://powerworksgarage.com/","",""
"https://www.powerworksgarage.com/car-servicing-dubai/car-inspection-dubai/volkswagen","text/html; charset=utf-8","200","OK","1.1","Non-Indexable","Canonicalised","https://powerworksgarage.com/","",""
"https://www.powerworksgarage.com/car-servicing-dubai/car-inspection-dubai/chevrolet","text/html; charset=utf-8","200","OK","1.1","Non-Indexable","Canonicalised","https://powerworksgarage.com/","",""
"https://www.powerworksgarage.com/car-servicing-dubai/car-inspection-dubai/lamborghini","text/html; charset=utf-8","200","OK","1.1","Non-Indexable","Canonicalised","https://powerworksgarage.com/","",""
"https://www.powerworksgarage.com/car-servicing-dubai/car-inspection-dubai/infiniti","text/html; charset=utf-8","200","OK","1.1","Non-Indexable","Canonicalised","https://powerworksgarage.com/","",""
